,guilt, culpabilité,ea84,
,faithfulness, fidélité,e219,
,humiliate, humilier,e065,
,humility, humilité,e19d,
,immediately, immédiatement,e215,
,immeasurable, incommensurable,e18c,
,insult, insulter,e05b,
,longsuffering, longue_patience,e16f,
,therefore, par_conséquent,e066,
,harlot, prostituée,ecfc,
,gratitude, reconnaissance,e20e,
,testimony, témoignage,e22e,
,everyone, toutes_les_personnes,e140,
,to,à,e318,
,through,à travers,e10b,
,Aaron,Aaron,eb0d,Acts 7:40
,Abaddon,Abaddon,ecd7,Rev 9:11
,Obadiah,Abadias,e44f,Neh 10:5
,lower_verb,abaisser_verb,e080,
,Abarim,Abarim,e38b,Num 27:12
,Abel,Abel,ea96,Gen 25:4
,Abel_Mizraim,Abel_Mizraïm,efa9,Gen 50:11
,Abiasaph,Abiasaph,e2dd,Exod 6:24
,Abiathar,Abiathar,e35f,Mark 2:26
,Abida,Abida,eef8,Gen 25:4
,Abidah,Abidah,e2f3,Gen 25:4
,Abidan,Abidan,e1f7,Num 1:11
,Abiezer,Abiézer,e464,Josh17:2
,Abihail,Abihaïl,e1f8,Num 3:35
,Abihu,Abihu,e2de,Exod 28:1
,Abijah,Abijah,ea5b,Luke 1:5
,Abilene,Abilène,ec4d,Luke 3:1
,Abimael,Abimaël,e0fb,Gen 10:28
,Abimelech,Abimelek,e0ab,Gen 26:1
,Abiram,Abiram,e480,Num 16:1
,Abiud,Abiud,ea6a,Matt 1:13
,Abner,Abner,e484,1 Sam 14:50
,abomination,abomination,e0a4,
,Abraham,Abraham,e373,Matt 1:1
,Abram,Abram,e1d1,Gen 12:1
,Abronah,Abrona,e3d6,Num 33:34
,Wormwood,Absinthe,ecd3,Rev 8:11
,Abyss,Abysse,ec4e,Luke 8:31
,Akbor,Acbor,e0ed,Gen 36:38
,Akkad,Accad,edab,Gen 10:10
,fulfill,accomplir,e0d2,
,accuse,accuser,e055,
,Achaicus,Achaïcus,eca5,1 Cor 16:17
,Achaia,Achaïe,eb7c,Acts 18:12
,Ahaz,Achaz,ea61,Matt 1:9
,buy,acheter,e32a,
,Achim,Achim,ea6e,Matt 1:14
,Ahimelech,Achimélec,e45f,1 Sam 21:1 
,Akshaph,Acschaph,e43b,Josh 12:20
,Adah,Ada,eda7,Gen 4:19
,Adam,Adam,ec4f,Luke 3:38
,Adbeel,Adbeél,e0fe,Gen 25:13
,Addi,Addi,ec50,Luke 3:28
,Admah,Admah,eda8,Gen 10:19
,Admin,Admin,ec51,Luke 3:33
,Adoni_Zedek,Adoni_Tsédek,e427,Josh 10:1
,adopt,adopter,e177,
,adoption,adoption,e177,
,Adramyttium,Adramytte,eb93,Acts 27:2
,Adriatic_Sea,Adriatique_Mer,ec17,Acts 27:27
,Adullam,Adullam,efaa,Gen 38:1
,adultery,adultère,e027,
,hungry,affamé,e01e,
,Freedmen,Affranchis,ec8e,Acts 6:9
,Agabus,Agabus,eb89,Acts 11:28
,Agag,Agag,e3e0,Num 24:27
,Hagar,Agar,ecab,Gen 16:1
,Haggai,Aggée,e48c,Ezra 5:1
,Agrippa,Agrippa,eb9d,Acts 25:13
,Ahiezer,Ahiézer,e2ab,Num 1:12
,Ahihud,Ahihoud,e3e1,Num 34:27
,Ahiman,Ahimân,e2ac,Num 13:22
,Ahira,Ahira,e2f4,Num 1:15
,Ahiram,Ahiram,e3a1,Num 26:38
,Ahisamak,Ahisamak,e0bb,Exod 31:6
,Ahuzzath,Ahuzath,eda9,Gen 26:26
,Ai,Aï,edaa,Gen 13:3
,help,aider,e13a,
,eagle,aigle,ecc9,
,sharp,aigüe,ebf3,
,needle,aiguille,e078,
,wing,aile,eb7d,
,wings,ailes,eb7d,
,kind_nice,aimable_gentil,e01c,
,love,aimer,e01a,
,like,aimer,e020,
,Ain,Aïn,e3e6,Num 34:11
,air,air,e312,
,threshing_floor,aire_de_battage,ec42,
,Aijalon,Ajalon,e428,Josh 10:12
,Achish,Akisch,e45e,1 Sam 21:10
,Akrabbim,Akrabbim,e3d7,Num 34:4
,alabaster,albâtre,e0d4,
,Alexander,Alexandre,ea14,Acts 19:33
,Alexandria,Alexandrie,eb5a,Acts 18:24
,go,aller,e381,
,go_down,aller_en_bas,e080,
,covenant,alliance,e21d,
,Almodad,Almodad,edac,Gen 10:26
,Almon_Diblathaim,Almon_Diblathaïm,e3d8,Num 33:46
,Alphaeus,Alphée,ec24,Acts 1:13
,Alush,Alus,e3d9,Num 33:13
,Alvah,Alva,efe6,Gen 36:40
,Alvan,Alvân,efe8,Gen 36:23
,Amalek_man,Amalech_homme,efe9,Gen 36:12
,Amaziah,Amatsia,e450,2 Kgs 12:21
,ambassador,ambassadeur,ebfd,
,soul,âme,e10f,
,amen,amen,e100,
,bitter,amer,ecd2,
,friend,ami,e024,
,Ammishaddai,Amishaddai,e2af,Num 1:12
,Amittai,Amittaï,e1cf,Jonah 1:1
,Ammiel,Ammiel,e2ad,Num 13:12
,Ammihud,Ammihoud,e2ae,Num 1:10
,Amminadab,Amminadab,ea51,Matt 1:4
,Ammon,Ammon,edae,Gen 19:38
,Amon,Amon,ea64,Matt 1:10
,Thebes,Amon_de_No,e44a,Jer 46:25
,Amorites,Amoréens,edaf,Gen 10:16
,Amos,Amos,ec47,Amos
,Amphipolis,Amphipolis,eb2e,Acts 17:1
,Ampliatus,Amplias,ebb9,Rom 16:8
,Amram,Amram,e2df,Exod 6:18
,Amraphel,Amraphel,edb1,Gen  14:1
,Anah,Ana,e0ba,Gen 36:2
,Anam,Anamim,edb2,Gen 10:13
,Ananias,Ananias,eb65,Acts 23:2
,Anak,Anaq,e2b0,Num 13:22
,ancestor,ancêtre,ec80,
,elder,ancien,eb62,
,Andrew,André,e357,Matt 4:18
,Andronicus,Andronicus,ebba,Rom 16:7
,donkey,âne,ea09,
,Aner,Aner,edb3,Gen  14:13
,angel,ange,e0a7,
,animal,animal,e102,
,Anna,Anna,eb02,Luke 2:36-38
,Hannah,Anne,eb02,1 Sam 1:2
,Annas,Anne,eb63,Acts 4:6
,year,année,e15e,
,Antichrist,Antéchrist,ed0e,1 John 4:3
,Antioch,Antioche,eb58,Acts 6:5
,Antipas,Antipas,ec01,Rev 2:13
,Antipatris,Antipatris,eb9a,Acts 23:31
,Apelles,Apellès,ebbb,Rom 16:10
,Aphek,Aphek,e43c,Josh 12:18
,Apollonia,Apollonie,eb30,Acts 17:1
,Apollos,Apollos,eb3e,Acts 18:24
,Apollyon,Apollyon,ecd7,Rev 9:11
,apostle,apôtre,ebef,
,appear,appaîrtre,e162,
,call,appeler,e040,
,Apphia,Apphia,ecf1,Phil 1:2
,bring,apporter,e088,
,arrest,appréhender,e25f,
,learn,apprendre,e22a,
,after,après,e11d,
,Akan,Aqan,efe5,Gen 36:27
,Aquila,Aquilas,eb17,Acts 18:2
,Ar,Ar,e3a2,Num 21:15
,Arabia,Arabie,eb77,Gal 1:17
,Arad_man,Arad_homme,e3a3,1 Chr 8:15
,Arad_village,Arad_village,e3e7,Num 33:40
,Gibeath_Haaraloth,Araloth,e430,Josh 5:3
,Aram_man,Aram_homme,edb4,Gen 10:22
,Aran,Aran,e0fa,Gen 36:28
,Ararat,Ararat,edb5,Gen 8:4
,tree,arbre,e244,
,bow,arc,e210,
,rainbow,arc_en_ciel,ecdc,
,bow_arrow,arc_flèche,ecc8,
,Archippus,Archippe,ece7,Col 4:17
,Ard,Ard,e0ff,Gen 46:21
,Areli,Areéli,efac,Gen 46:16
,Areopagus,Aréopage,ec35,Acts 17:19
,Aretas,Arétas,eca6,2 Cor 11:32
,money,argent,e029,
,silver,argent,eb2b,
,clay,argile,ebec,
,Argob,Argob,e495,Deut 3:4
,Arimathea,Arimathée,e34d,Matt 27:57
,Aristarchus,Aristarque,ec10,Acts 20:3
,Aristobulus,Aristobule,ebbc,Rom 16:10
,Arioch,Arjoc,edb6,Gen  14:1
,Arkites,Arkiens,edb7,Gen 10:17
,army,armée,e148,
,armor,armure,ebbd,
,Arni,Arni,ec52,Luke 3:33
,Arnon,Arnon,e2f5,Num 21:13
,Arodi,Arodi,e168,Gen 46:16
,Aroer,Aroër,e3c5,Num 32:34
,Arphaxad,Arpacschad,ec53,Luke 3:36
,Artemas,Artémas,ec34,Acts 19:24
,Arvad,Arvad,edb8,Gen 10:18
,Asa,Asa,ea5c,Matt 1:7
,Ashbel,Aschbel,efae,Gen 46:21
,Ashhur,Aschchur,ebdd,1 Chr 2:24
,Ashkenaz,Aschkenaz,edb9,Gen 10:3
,Ashtaroth,Aschtaroth,e429,Josh 9:10
,Ashteroth_Karnaim,Aschteroth_Karnaïm,edba,Gen 14:5
,Asshurites,Aschurim,e1ef,Gen 25:3
,Ashdod,Asdod,e451,Josh 11:22
,Asher,Aser,ebde,Gen 35:26
,Ashur_land,Aser_région,e0ef,Josh 17:7
,Asia,Asie,eb6f,Acts 6:9
,Ashkelon,Askalon,e452,Judg 1:18
,Asenath,Asnath,efad,Gen 41:45
,Asriel,Asriel,e3a4,Num 26:31
,plate,assiette,e386,
,Assir,Assir,e2bf,Exod 6:24
,helper,assistant ,e150,
,Assos,Assos,eb20,Acts 20:13
,Ahasuerus,Assuérus,e48f,Esth 1:1
,Ashhur,Assur ,ebdd,Gen10:22
,Assyria,Assur ,edbc,Gen 10:11
,Ashur_man,Assur_homme,edbb,Gen 10:22
,assurance,assurance,e070,
,Asyncritius,Asyncrite,ebbe,Rom 16:14
,Atad,Athad,efaf,Gen 50:10
,Atharim,Atharim,e3a5,Num 21:1 
,Ataroth,Atharoth,e3c6,Num 32:3
,Ataroth_Addar,Atharoth_Addar,e465,Josh 16:5
,Athens,Athènes,eb07,Acts 17:15
,Ataroth_Shophan,Athroth_Schophan,e3c7,Num 32:35
,Azmon,Atsmon,e3da,Num 34:5
,Attalia,Attalie,eb31,Acts 14:25
,wait,attendre,ea11,
,careful,attention,e19e,
,catch,attraper,e115,
,above,au dessus,e110,
,farewell,au revoir,ec83,
,about,au sujet de,e11b,
,on_top_of,au_dessus_de,e113,
,altar,autel,ea3c,Gen 8:20
,author,auteur,e12c,
,authority,autorité,e034,
,around,autour,e31b,
,other,autre,e184,
,another,autre,ebf2,
,before,avant,e107,
,greed,avarice,ea94,
,with,avec,e24c,
,blind,aveugle,e192,
,Avith,Avith,efea,Gen 36:35
,have,avoir,e083,
,thirsty,avoir soif,eccf,
,need,avoir_besoin,e07f,
,Avvites,Avva,e496,2 Kgs 17:31
,Aiah,Aya,e0fd,Gen 36:24
,Azekah,Azéka,e42a,Josh 10:10
,Azor,Azor,ea6c,Matt 1:14
,Azotus,Azot,eb7e,Acts 8:40
,Azzan,Azzan,e3e2,Num 34:26
,Baal,Baal,ebbf,Rom 11:4
,Baal_Gad,Baal_Gad,e44b,Josh 11:17
,Baal_Hanan,Baal_Hanan,e169,Gen 36:38
,Baal_Meon,Baal_Meon,e3c8,Num 32:38
,Baal_Zephon,Baal_Tsephon,e0bd,Exod 14:2
,Baanah,Baanna,e488,2 Sam 4:2
,Babel,Babel,ea67,Gen 11:9
,Babylon,Babylone,ea67,Acts 7:43
,ring,bague,ebdf,
,kiss,baiser,e0e8,
,Balaam,Balaam,eca1,2 Pet 2:15
,Balak,Balak,ebff,Rev 2:14
,Bamoth_land,Bamoth_région ,e3c0,Num 21:19
,banner,bannière,e2b1,
,bank,banque,ec55,
,baptism,baptême,e24a,
,baptize,baptiser,e24a,
,Barabbas,Barabbas,e36d,Matt 27:16
,Barachiah,Barachie,ea97,Matt 23:35
,Barak,Barak,ed02,Heb 11:32
,Bered_city,Bared_ville,e2d0,Gen 16:14
,Barnabas,Barnabas,ec2f,Acts 9:27
,Barsabbas,Barsabas,eb69,"Acts 15:22,27"
,Bartholomew,Barthélemy,e362,Matt 10:3
,Bartimaeus,Bartimée,e36b,Mark 10:46
,Bashan,Basan,e3a6,Num 21:33
,Basemath,Basmath,edbd,Gen 26:34
,battle,bataille,e283,
,fight,bataille,e283,
,boat,bateau,e265,
,building,bâtiment,e0a1,
,stick,bâton,e398,
,staff,bâton_berger,e14c,
,threshing,battage,ea39,
,beat,battre,e0e4,
,beautiful,beau ,ea4a,
,many,beaucoup,e198,
,much,beaucoup,e198,
,beauty,beauté,ea4a,
,Fair_Haven,Beaux_Ports,ec18,Acts 27:8
,baby,bébé,e0a6,
,Bedad,Bedad,e1ee,Gen 36:35
,Beelzebul,Béelzébul,e335,Matt 10:25
,Beer,Beer,e3a7,Num 21:16
,Beersheba,Beer_schéba,edbf,Gen 26:33
,Beeri,Beéri,edbe,Gen 26:34
,Beeroth,Beéroth,e42b,Deut 10:6
,Beker,Béker,efb1,Gen 46:21
,Bela_man,Béla_homme ,e1ed,Gen 14:2
,Bela_village,Béla_village ,edc1,Gen 14:8
,Ben_Ammi,Ben_Ammi,edc2,Gen 19:38
,Ben_Hadad,Ben_Hadad,e453,1 Kgs 15:18
,Ben_oni,Ben_Oni,e1a4,Gen 35:18
,Bene_Jaakan,Bené_ Jaakan,e3db,Num 33:31
,blessing,bénédiction,e05c,
,blessed,béni,ea21,
,bless,bénir,e05c,
,Benjamin,Benjamin,eb4b,Gen 35:18
,Beon,Beon,e3c9,Num 32:3
,Beor,Beor,eda3,Gen 36:32
,Bera,Béra,edc3,Gen 14:2
,Bered_man,Béred_homme ,efb2,I Chr 7:20
,Berea,Bérée,eb13,Acts 17:10
,Bernice,Bérénice,eb9e,Acts 25:13
,shepherd,berger,e271,
,Beriah,Beria,efb3,Gen 46:17
,beast,bête,e103,
,Beth_Eden,Beth_Eden,e454,Amos 1:5
,Beth_Haran,Beth_Haran,e479,Num 32:36
,Beth_Horon,Beth_Horon,e42c,Josh 10:10
,Beth_Jeshimoth,Beth_Jeschimoth,e3dc,Num 33:49
,Beth_Peor,Beth_Peor,e423,Deut 3:29
,Bethany,Béthanie,e349,Matt  21:17
,Bethel,Béthel,edc4,Gen 12:8
,Bethesda,Béthesda,eba0,John 5:2
,Bethlehem,Bethléhem,ea45,Matt 2:1
,Bethphage,Bethphagé,e348,Matt 21:1
,Bethsaida,Bethsaïda,e340,Matt 11:21
,Bethuel_man,Bethuel_homme,e1a0,Gen 22:22
,Bethuel_city,Béthuel_ville,e1e0,I Chr 4:30
,Bezalel,Betsaleel,e0bf,Exod 31:2
,Bezer,Betser,e466,Deut 4:43
,Bible,Bible,e22c,
,Bigthana,Bigthan,e492,Esth 6:2
,Bilhah,Bilha,eefa,Gen 29:29
,Bilhan,Bilhan,efeb,Gen 36:27
,Birsha,Birscha,edc5,Gen 14:2
,Bithynia,Bithynie,eb48,Acts 16:7
,white,blanc,e285,
,blaspheme,blasphéme,e05b,
,blasphemy,blasphème,e05b,
,Blastus,Blaste,eb8d,Acts 12:20
,wheat,blé,e279,
,hurt,blesser,e24f,
,blue,blue,ecda,
,Boaz,Boaz,ea54,Matt 1:5
,ox,boeuf,ea85,
,drink,boire,e274,
,wood,bois,e244,
,Cypress,bois_de_gopher,edcb,Gen 6:14
,box,boîte,e29e,
,bowl,bol,e384,
,good,bon,e096,
,right_time,bon_moment,ed10,
,good_news,bonne_nouvelle,e22b,
,gospel,bonne_nouvelle,e22b,
,Bozrah,Botsra,efec,Gen 36:33
,mouth,bouche,e03f,
,shield,bouclier,e388,
,breastplate,bouclier,ecd5,
,dirt,boue,e15b,
,move,bouger,e32f,
,boast,braguer,e14b,
,branch,branche,e246,
,arm,bras,e14e,
,bright,brillant,e21b,
,brick,brique,eefb,
,break,briser,e0e1,
,bronze,bronze,eb2c,
,noise,bruit,ebe9,
,burn,brûler,ecd0,
,burnt,brûler,ecd0,
,loud,bruyant,ebe8,
,Bukki,Buki,e3e3,Num 34:22
,Buz,Buz,e1a5,Gen 22:21
,hide,cacher,e085,
,gift,cadeau,e072,
,Cain,Cain,ec56,Gen 4:1
,Caiaphas,Caïphe,ea77,Matt 26:3
,Calah,Calach,edc6,Gen 10:12
,Caleb,Caleb,e2b2,Num 13:6
,Kalneh,Calné,edfa,Gen 10:10
,countryside,campagne,eb96,
,Cana,Cana,eba2,John 2:11
,Canaan_man,Canaan_homme,edc7,Gen 9:18
,Canaan_land,Canaan_région,e33d,Acts 7:11
,Candace,Candace,eb85,Acts 8:27
,Capernaum,Capernaüm,e33a,Matt 4:13
,Caphtorites,Caphtorites,edc8,Gen  10:14
,Cappadocia,Cappadoce,eb74,Acts 2:9
,Carmel,Carmel,e43d,Josh 12:22
,Karmi,Carmi,efd2,Gen 46:9
,Carpus,Carpus,ecad,2 Tim 4:13
,Kasluhites,Casluhim,edc9,Gen 10:14
,case,cause,ec87,Exod 18:22
,this,ceci,e226,
,belt,ceinture,e29d,
,that,cela,e184,
,Cenchrea,Cenchrées,eb3d,Acts 18:18
,ash,cendre,ea90,
,centurion,centurion,eb7a,
,Cephas,Céphas,e356,John1:42
,ceremony,cérémonie,ec88,
,deer,cerf,efb6,
,Caesar,César,e370,Acts 26:32
,Caesarea,Césarée,e346,Matt 16:13
,chain,chaîne,e25f,
,flesh,chair,e26b,
,chair,chaise,e298,
,Chaldea,Chaldée,eb0e,Jer 50:10
,heat,chaleur,e301,
,Ham_man,Cham_homme,ede5,Gen 6:10
,camel,chameau,e29f,
,field,champ,eb91,
,change,changer,e31e,
,song,chanson,e0e2,
,hymn,chanté,e0e3,Matt 26:30
,sing,chanter,e0e2,
,chapter,chapître,e230,
,stewardship,charge _d’intendant,e07c,
,chariot,chariot,ec82,
,sensuality,charnelle,e239,Jas 3:15
,carpenter,charpentier,e14f,
,hot,chaud,e301,
,shoe,chaussure,e12e,
,ruler,chef,e028,Matt  9:18
,search,chercher,e074,
,horse,cheval,e303,
,hair,cheveux,e208,
,goat,chèvre,ea7d,
,dog,chien,e104,
,Chios,Chios,eb22,Acts 20:15
,Chloe,Chloé,ebe2,1 Cor 1:11
,Hobah,Choba,edef,Gen 14:15
,choose,choisir,e021,
,Chorazin,Chorazin,ea8f,Matt 11:21
,thing,chose,e105,
,together_things,choses_ensemble,e108,
,gathered_things,choses_rassemblées ,e108,
,Christian,Chrétien,eb90,Acts 26:28
,Christ,Christ,e334,Matt 1:1 
,Chronicles,Chroniques,e419,
,whisper,chuchotement,e186,
,Chuza,Chuza,ec57,Luke 8:3
,Cyprus,Chypre,eb88,Acts 4:36
,heaven,ciel,e380,Gen 1:8
,sky,ciel,ec8b,
,Cilicia,Cilicie,eb5b,Acts 6:9
,five,cinq,e290,
,circumcise,circonciser,e250,
,circumcision,circoncision,e250,
,citizen,citoyen,eb98,
,Cauda,Clauda,ec36,Acts 27:16
,Clauda,Clauda,ec36,Acts 27:16
,Claudius,Claude,eb8a,Acts 11:28
,Claudia,Claudia,ecae,2 Tim 4:21 
,key,clé,ea9d,
,Clement,Clément,ece3,Phil 4:3
,Cleopas,Cléopas,ec58,Luke 24:18
,Clopas,Clopas,ebb5,John 19:25
,nail,clou,ebaa,
,Cnidus,Cnide,ec14,Acts 27:7
,pig,cochon,e30a,
,heart,coeur,e29a,
,cohort,cohorte,e148,
,corner,coin,eb83,
,anger,colère,e204,
,wrath_of_God,colère_de_Dieu,e02a,
,hill,colline,e202,
,dove,colombe,e25e,
,Colossae,Colosses,ece8,Col 1:2
,how_long,combien_de_temps,e83c,Exod 10:3
,commandment,commandement,e22f,
,beginning,commencement,e231,
,start,commencer,e231,
,how,comment,e068,
,compassion,compassion,e01a,
,countrymen,compatriotes,e157,
,ability,compétence,e124,
,complete,complet,ecec,
,understanding,compréhension,e063,
,meaning,compréhension,ecfa,
,understand,comprendre,e063,
,concubine,concubine,eefc,
,condemnation,condamnation,ea7f,
,condemn,condamner,ea7f,
,leader,conducteur,e137,
,confession,confession,e03f,
,confidence,confiance,e070,
,confuse,confus,eb08,
,knowledge,connaissance,e062,
,council,conseil,e0f7,
,build,construire,e17a,
,continue,continuer,e049,
,against,contre,e330,
,control,contrôler,e332,
,convert,convertir,e83a,
,covet,convoiter,e022,
,lust,convoiter,e239,
,rooster,coq,e25d,
,string,corde,ecc7,
,Corinth,Corinthe,ea59,Acts 18:1
,horn,corne,ecc5,
,Cornelius,Corneille,eb81,Acts 10:1
,body,corp,e143,
,correct,correct,e09a,
,rib,côte,eebf,Gen 2:21
,side,côté,e10d,
,neck,cou,e0d3,
,sundown,coucher de soleil,e161,
,sew,coudre,e077,
,color,couleur,e284,
,sinful,coupable,e08f,
,guilty,coupable,ea84,
,cup,coupe,e274,
,cut,couper,e24e,
,courtyard,cour,e0f6,
,courage,courage,e196,
,brave,courageux,e196,
,run,courir,e258,
,crown,couronne,eda4,
,cushion,coussin,e26c,
,knife,couteau,e24e,
,custom,coutume,eb10,
,cover,couvrir,e39a,
,Kozbi,Cozbi,e3d1,Num 25:15
,spit,cracher,e048,
,skull,crâne,e20f,
,Creator,Créateur,ec22,Rom 1:25
,creation,création,ebc3,
,credit,crédit,ebc0,
,create,créer,e076,
,Crescan,Crescens,ecaf,2 Tim 4:10
,Crete,Crète,ec8d,Acts 27:7
,shout,crier,e149,
,Crispus,Crispus,eb3a,Acts 18:8
,criticize,critiquer,e055,
,believe,croire,e06f,
,growth,croissance ,e154,
,cross,croix,e038,
,Believer,Croyant,eb90,Acts 5:14
,crucify,crucifier,e03c,
,leather,cuir,e255,
,thigh,cuisse,ed0d,
,worship,cult,e04b,
,Cush,Cusch,edca,Gen 2:13
,Cush_man,Cush_ homme,edca,Gen 10:6
,cymbal,cymbale,ebe3,
,Cyrene,Cyrène,eb59,Matt 27:32
,Kezib,Czib,e1bf,Gen 38:5
,Dalmanutha,Dalmanutha,e344,Mark 8:10
,Dalmatia,Dalmatie,ecb1,2 Tim 4:10
,Damaris,Damaris,eb37,Acts 17:34
,Damascus,Damas,ec31,Gen  14:15
,Dan_man,Dan_homme,edcd,Gen 30:6
,Dan_land,Dan_région,edcc,Gen 14:14
,Daniel,Daniel,ea78,Matt 24:15
,in,dans,e240,
,dance,danser,e259,
,Darius,Darius,e490,Hag 1:1
,Dathan,Dathan,e2f7,Num 16:1
,David,David,e35e,Matt 1:1 
,from,de,e31a,
,Debir_man,Debir_homme,e42d,Josh 10:3
,Debir_city,Debir_village,e43e,Josh 10:38
,Deborah,Débora,efb5,Gen 35:8
,Decapolis,Décapole,e33e,Matt 4:25
,discourage,décourager,e261,
,Dedan,Dedan,edce,Gen 10:7
,inside,dedans,e240,
,blemish,défaut,ed01,
,outside,dehors,e241,
,redemption,délivrance,e02c,Luke 2:38
,rescue,délivrénce,e214,Acts 12:11
,ask,demander,e061,
,Demes,Démas,ecb2,2 Tim 4:10
,Demetrius,Démétrius,eb1a,Acts 19:24
,abide,demeurer,e17b,
,half,demi,ea22,
,demon,démon,eb87,
,denarius,denier,e165,Matt 22:19
,counted,dénombré,ebc0,
,untie,dénouer,e37f,
,teeth,dent,e0b1,
,Dionysius,Denys,eb78,Acts 17:34
,spend,dépenser,e32a,
,Derbe,Derbe,eb43,Acts 14:6
,last,dernier,e234,
,behind,derrière,e116,
,descendant,descendant,eb60,
,descend,descendre,e317,
,desert,désert,e156,
,sexual_desire,désir_sexuel,e239,1 Cor 7:9
,desire,désirer,e020,
,disobey,désobéir,e193,
,disobedience,désobéissance ,e193,
,lawlessness,désordre,e08f,
,purpose,dessein,e066,Rom 8:28
,destruction,destruction,e141,
,imprisoned,détenu,e25f,
,destroy,détruire,e141,
,Deuel,Déuel,e2b3,Num 1:14
,two,deux,e28d,
,pass,devant,e10b,
,become_thing,devenir_chose,e839,
,become_person,devenir_personne,e83a,
,have_to,devoir,e07f,
,owe,devoir,ea49,
,Dizahab,Di_Zahab,e481,Deut 1:1
,deacon,diacre,e12d,
,Dibon,Dibon,e3a9,Num 21:30
,Dibon_Gad,Dibon_Gad,e3e8,Num 33:45
,Dibri,Dibri,e2ef,Lev 24:11
,Didymus,Didyme,ebb6,John 11:16
,God,Dieu,e036,Gen 1:1
,different,différent,ecff,
,difficult,difficile,e093,
,trouble,difficulté,e333,
,worthy,digne,e09b,
,Diklah,Dikla,e1ac,Gen  10:27
,tithe,dîme,ed0f,
,Dinah,Dina,efb7,Gen 30:21
,Dinhabah_city,Dinhaba_ville,efed,Gen 36:32
,Diotrephes,Diotrèphe,ece2,3 John 1:9
,said,dire,e03f,
,direction,direction,e323,
,Dishan,Dischan,e1ec,Gen 36:21
,Dishon,Dischon,efee,Gen 36:21
,disciple,disciple,e142,
,discipline,discipline,eda5,
,scatter,disperser,ea34,Matt 26:31
,argument,dispute,e057,
,couch,divan,eb5f,
,godly,divin,e130,
,divide,diviser,e326,
,division,division,e326,
,split,division,e326,
,divorce,divorce,ea3d,
,ten,dix,e295,
,doctor,docteur,e144,
,Dodanim,Dodanim,edcf,Gen  10:4
,Doeg,Doëg,e460,1 Sam 21:7
,finger,doigt,eba5,
,dominion,dominion,e032,
,give,donner,e086,
,Dophkah,Dophka,e3dd,Num 33:12
,Dor,Dor ,e43f,Josh11:2
,Dorcas,Dorcas,ec2c,Acts 9:36
,sleep,dormir,e121,
,Dothan,Dothan,efa3,Gen 37:17
,gentleness,douceur,e26d,
,pain,douleur,e24f,
,doubt,douter,e194,
,soft,doux,e268,
,gentle,doux,e26d,
,sweet,doux,e30d,
,dragon,dragon,ecdf,
,right,droit,e0f3,
,Drusilla,Drusille,eb9c,Acts 24:24
,pitch,du_pois,eeb9,Gen 6:14
,Dumah,Duma,eefd,Gen 25:14
,hard,dur,e269,
,water,eau,e247,
,Ebal,Ebal,efef,Gen 36:23
,lightning,éclair,ea88,
,hear,ecouter,e299,
,crush,écraser,e146,
,write,écrier,e29c,
,Scripture,Ecriture,e22c,Mark 12:10
,writer,écrivain,e12c,
,Eden_garden,Eden_ jardin,edd2,Gen  2:8
,Eden_man,Eden_homme,e1e9,2 Chr 29:12
,Edom_man,Edom_homme,e1a6,Gen 25:30
,Edom_land,Edom_région,e1a7,Gen 32:3
,Edrei,Edréï,e474,Josh 19:37
,afraid,effrayé ,e056,
,equal,égal,e24b,
,lead_astray,égarer,e17f,
,church,église,ebfc,
,Eglon,Eglon,e42e,Josh 10:3
,Egypt,Égypte,ea44,Matt 2:13
,Ehi,Ehi,efb8,Gen 46:21
,Ekron,Ekron,e455,Jos 13:3
,El,El,edd3,Gen 35:17
,El_Elohe,El _Elohé,e1e4,Gen 33:20
,Elah,Ela,e1a9,Gen  36:41
,Elam_man,Elam_homme,edd4,Gen 10:22
,Elam_land,Elam_région,eb6d,Gen 14:1
,Elath,Elath,e498,Deut 2:8
,Eldaah,Eldaa,e1e3,Gen 25:4
,Eldad,Eldad,e2b4,Num 11:26
,Elealeh,Elealé,e3ca,Num 32:3
,Eleazar,Éléazar,ea70,Exod 6:23
,Eli,Eli,ec44,1 Sam 1:3
,Eliab,Eliab,e2b5,Num 1:9
,Eliakim,Eliakim,ea6b,Matt 1:13
,Eliasaph,Eliasaph,e2b6,Num 1:14
,Ellasar,Eliasar,edd6,Gen 14:1
,Elidad,Elidad,e3e4,Num 34:21
,Elijah,Élie,e36a,1 Kgs 17:1
,Eliezer,Éliézer,ec5b,Gen 15:2
,Elim,Élim,e0ca,Exod 15:27
,Elimelek,Elimélec,e41e,Ruth 1:2
,Eliphaz,Eliphaz,eff1,Gen 36:4
,elect,élire,ec9f,
,Elizabeth,Elisabeth,ec3a,Luke 1:5
,Elishah,Elischa ,ec5c,Gen 10:4
,Elishama,Elischama,e2b7,Num 1:10
,Elisheba,Elischéba,e3b5,Exod 6:23
,Elisha,Élisée,ec5c,1 Kgs 19:16
,Elizaphan,Elitsaphan,e2b8,Num 3:30
,Elizur,Elitsur,e1fa,Num 1:5
,Eliud,Eliud,ea6f,Matt 1:14
,Elkanah,Elkana,e2c0,Exod 6:24
,Elmadam,Elmadam,ec5d,Luke 3:28
,Elon,Elon,edd7,Gen 26:34
,Elzaphan,Eltsaphan,e2f0,Exod 6:22
,wrap,emballage,ea19,
,hire,embaucher,e13b,
,Emites,Emim,efa8,Gen 14:5
,Emmaus,Emmaüs,ec5e,Luke 24:13
,prevail,emporter,eb14,Luke 23:23
,up,en haut,e315,
,backward,en_arrière,e325,
,forward,en_avant,e318,
,down,en_bas,e319,
,healthy,en_bonne_sante,e209,
,angry,en_colère,e204,
,Endor,En_Dor,e467,Josh 17:11
,in_front,en_face,e112,
,fabric,en_tissu,e253,
,Enaim,Enaïm,efb9,Gen 38:14
,Enan,Enan,e2b9,Num 1:15
,pregnant,enceinte,e0a5,
,pen,enclos,e29c,
,encourage,encourager,e262,
,endure,endurer,e170,
,Aeneas,Enée,ec2a,Acts 9:33
,enemy,enemi,e025,
,child,enfant,e200,
,children,enfants,e201,
,hell,enfer,e0d1,Deut 32:22
,drunk,énivré,ea8d,
,Aenon,Enon,eba1,John 3:23
,Enos,Énos,ec60,Luke 3:38
,Enosh,Enosch,ec60,Gen 4:26
,teacher,enseignant,e12b,
,teach,enseigner,e04c,
,teaching,enseigner,e04c,
,bury,enterrer,e0d7,
,whole,entier,e251,
,between,entre,e118,
,enter,entrer,e242,
,envy,envie,e022,
,send,envoyer,e075,
,Epaenetus,Épaïnète,ebc1,Rom 16:5
,Epaphras,Epaphras,ece4,Col 1:7
,Epaphroditus,Épaphrodite,ece4,Phil 2:25
,shoulder,épaule,e132,
,sword,épée,e282,
,Ephah,Epha,e1ad,Gen 25:4
,Epher,Epher,eefe,Gen 25:4
,Ephesus,Éphèse,ec0c,Acts 18:19
,Ephod,Ephod,e475,Num 34:23
,Ephraim_man,Éphraïm_homme,eba3,Gen 41:52
,Ephraim_land,Éphraïm_région,eba4,2 Chr 30:10
,Ephrath,Ephrata,efba,Gen 35:16
,Ephron,Ephron,eeff,Gen 23:8
,spice,épice,ecfe,
,Epicurean,Épicuriens,ec05,Acts 17:18
,thorn,épine,e27b,
,sponge,éponge,ea18,
,wife,épouse,e014,
,bride,épouse,e015,
,groom,époux,e013,
,Er,Er,ec61,Gen 38:3  
,Eran,Eran,e3aa,Num 26:36
,Erastus,Eraste,ec0e,Acts 19:22
,Erech,Erec,edd9,Gen 10:10
,Eri,Eri,e1ae,Gen 46:16
,Isaiah,Ésaïe,e372,2 Kgs 19:2
,Esau,Esaü,ebc2,Gen 25:25
,stair,escalier,e0d9,
,Eshban,Eschban,eff2,Gen 36:26
,Eshkol_man,Eschcol_homme,eddb,Gen 14:13
,Eshkol_land,Eschcol_région,e3cb,Num 13:23
,slave,esclave,e10e,
,Esek,Esek,edda,Gen 26:20
,Esli,Esli,ec49,Luke 3:25
,space,espace,e153,
,Spain,Espagne,ebd6,Rom 15:24
,spy,espionner,ed07,
,spirit,esprit,e187,
,try,essayer,eb94,
,east,est,ea38,
,Esther,Esther,e49f,Esth 2:7
,and,et,e11c,
,summer,été,e0c4,
,stretch,étendre,e31c,
,eternal,éternel,e252,
,eternity,éternité,e252,
,Etham,Etham,e2c2,Exod 13:20
,Cush_land,Ethiopie,e1e2,Isa 11:11
,Ethiopia,Éthiopie,ec32,Acts 8:27
,Stephen,Étienne,eb6b,Acts 6:5
,star,étoile,e0c3,
,amazed,étonné,e14a,
,stranger,étranger,e069,
,foreigner,étranger,e158,
,sojourner,étranger,e158,
,strangled,étranglé,eb33,
,Ezbon,Etsbôn,e1aa,Gen 46:16
,Ezer,Etsèr,e1ab,Gen 36:21
,Ezion_Geber,Etsjon_Guéber,e3e9,Num 33:35
,Eubulus,Eubulus,ecb3,2 Tim 4:21 
,Eunice,Eunice,ecb4,2 Tim 1:5
,eunuch,eunuque,eb8f,
,Euphrates_River,Euphrate_Fleuve,ecd8,Rev. 9:14
,Eutychus,Eutychus,eb1f,Acts  20:9
,them,eux,e125,
,evangelist,évangéliste,e13f,
,Eve,Ève,ebeb,Gen 3:20
,Evi,Evi,e3c2,Num 31:8
,Euodia,Evodie,ece5,Phil 4:2
,example,exemple,ecf0,
,exalt,exhalt,e04b,
,explanation,explication ,e059,
,explain,expliquer,e059,
,Hezekiah,Ezéchias,ea62,2 Kgs 16:20
,easy,facile,e092,
,weak,faible,ea24,
,make,faire,e076,
,do,faire,e08c,
,trust,faire_confiance,e023,
,beckon,faire_signe,e040,Luke 5:7
,plan,faire_une_plan,e06b,
,family,famille,e176,
,famine,famine,e18d,
,burden,fardeau,ec86,
,flour,farine,ea35,
,weary,fatigué,ebfe,
,false,faux,e17f,
,wrong,faux,ea02,
,Felix,Félix,eb99,Acts 23:24
,woman,femme,e008,
,window,fenêtre,e311,
,iron,fer,eb29,
,farm,ferme,eb91,
,closed,fermé,e23f,
,close,fermer,e300,
,farmer,fermier,e133,
,feast,festin,e054,
,festival,festival,e20b,
,fire,feu,e301,
,leaf,feuille,e0b3,
,faithful,fidèle,e219,
,fig,figue,eda2,
,net,filet,e307,
,girl,fille,e009,
,daughter,fille_de,e00c,
,girls,filles,e00a,
,daughters,filles_de,e00d,
,Son_of_Man,Fils_de_l’homme,e352,Matt 8:20
,end,fin,e232,
,finish,finir,e232,
,arrow,flèche,ecbf,
,flower,fleur,eb24,
,flute,flûte,ea8b,
,faith,foi,e06f,
,bottom,fond,e119,
,foundation,fondation,e179,
,forest,forêt,ec27,
,strong,fort,e08a,
,Fortunatus,Fortunatus,eca4,1 Cor 16:17
,lunatic,fou,e06d,
,whip,fouetter,e310,
,crowd,foule,e128,
,hit,frappé,e0e4,
,knock,frapper,eb8b,
,brother,frère,e006,
,brothers,frères,e007,
,cold,froid,e0f2,
,fruit,fruit,e27e,
,smoke,fumée,ec03,
,futile,futile,e190,
,future,futur,e16e,
,Gibeon,Gabaon,e431,Josh 9:3
,Gabriel,Gabriel,ec39,Luke 1:19
,Gad,Gad,ecbd,Gen 46:16
,Gadara,Gadaraéniens,e33f,Matt 8:28
,Gerasenes,Gadaréniens,e33f,Mark 5:1
,Gaddi,Gaddi,e2ba,Num 13:11
,Gaddiel,Gaddiel,e2bb,Num 13:10
,Gatam,Gaetham,eff3,Gen 36:11
,earn,gagner,e0f5,
,Gaham,Gaham,efbb,Gen 22:24
,gain,gain,e1a3,
,Gaius,Gaïus,ec0f,Acts 19:29
,Gilead_man,Galaad_homme,e3ab,Num 26:29
,Gilead_land,Galaad_région,efa1,Gen 31:21
,Galatia,Galatie,eb46,Acts 16:6
,Galeed,Galed,efbc,Gen 31:47
,Galilee,Galilée,e337,Josh 20:7
,Gallio,Gallion,eb3b,Acts 18:12
,Gamaliel,Gamaliel,eb4d,Acts 5:34
,boy,garçon,e001,
,boys,garçons,e002,
,guard,garde,e0c1,
,keep,garder,e099,
,watchman,gardien,e0a8,
,Gath,Gath,e461,1 Sam 21:10
,left,gauche,e0f4,
,Gaza,Gaza,eb7f,Gen 10:19
,Gideon,Gédéon,ed03,Judg 6:11
,generation,génération,e019,
,Gennesaret,Génésareth,e341,Matt 14:34
,great,génial ,e14a,
,kind_same,genre_même,ed00,
,together_people,gens_ensemble,e126,
,gentile,gentil,e158,Matt 4:15
,kindness,gentillesse,e01c,
,Gethsemane,Gethsémané,e34a,Matt 26:36
,glory,gloire,e217,
,glorify,glorifier,e217,
,gluttony,gluttonnie,ea8c,
,Gog,Gog,ecf7,Ezek 38:2
,Goyim,Gojim,e44c,Josh 12:23
,Goiim,Gojim,ede2,Gen 14:1
,Golan,Golan,e468,Duet 4:43
,Gittaim,Golan,e489,2 Sam 4:3
,Golgotha,Golgotha,e34b,Matt 27:33
,Goliath,Goliath,e462,1 Sam 21:9
,Gomer,Gomer,ede3,Gen 10:2
,Gomorrah,Gomorrhe,ea7a,Gen 10:19
,gong,gong,ebe5,
,Goshen,Gosen,efbf,Gen 47:1
,tar,goudron,eeb9,
,taste,goûter,ea07,
,governor,gouverneur,e0a3,
,grace,grâce,e01f,
,grape,grain de raisin,ecf4,
,grain,graine,e279,
,seed,graine,e27a,
,big,grand,e120,
,free_no_cost,gratuit_non_prix,ebe4,
,Greece,Grèce,e345,Acts 20:3
,hail,grêle,ea13,
,hail_storm,grêle_orage,ecdd,
,frog,grenouille,ecf6,
,fat,gros,ea86,
,fat_animal,gros_animal,eb11,
,cave,grotte,eda6,
,Geder,Guéder,e440,Josh 12:13
,Gemalli,Guemalli,e2bc,Num 13:12
,Gera,Guéra,efbd,Gen 46:21
,Gerar,Guérar,eddd,Gen 10:19
,heal,guérir,e084,
,healer,guérisseur ,e144,
,war,guerre,e283,
,Gershom,Guerschom,e0cb,Exod 2:22
,Gershon,Guerschon,efbe,Gen 46:11
,Geshur,Gueschuriens,e499,Duet 3:14
,Gether,Guéter,edde,Gen 10:23
,Geuel,Guéuel,e1fb,Num 13:15
,Gezer,Guézer,e42f,Josh 10:33
,Gideoni,Guideoni,e2bd,Num 1:11
,lead,guider,e137,
,Gihon,Guihon,eddf,Gen 2:13
,Gilgal,Guilgal,e432,Josh 5:9
,Girgashites,Guirgasiens,ede1,Gen 10:16
,Guni,Guni,efc1,Num 26:48
,clothe,habiller,e147,
,to_clothe,habiller,e147,
,dwell,habiter,e17b,
,Hadad,Hadad,efa2,Gen 25:15
,Hadar,Hadar,e1af,Gen 36:39
,Hadoram,Hadoram,ede4,Gen 10:27
,Haggi,Haggi,efc2,Gen 46:16
,hedge,haie,e28a,
,hate,haïr,e01b,
,Ham_village,Ham_village,ede6,Gen 14:5
,Haman,Haman,e4a0,Esth 3:1
,Hamathites,Hamathiens,ede7,Gen 10:18
,Hammedatha,Hammedatha,e47f,Esth 3:1
,Hamor,Hamor,eb5d,Gen 33:19
,Hamul,Hamoul,efc3,Gen 46:12
,Hanniel,Hanniel,e3e5,Num 34:23
,Haradah,Harada,e3de,Num 33:24
,Haran_man,Haran_homme,efa4,Gen 11:27
,Haran_land,Haran_région,eb0b,Gen 11:31
,harp,harpe,ecc6,
,Hashmonah,Haschmona,e3df,Num 33:29
,Hathak,Hathac,e4a1,Esth 4:5
,Hazar_Enan,Hatsar_ Enan,e3eb,Num 34:9
,Hazar_Addar,Hatsar_Addar,e3ea,Num 34:4
,Hazarmaveth,Hatsarmaveth,ede9,Gen 10:26
,Hazezon_Tamar,Hatsatson_Thamar,edea,Gen 14:7
,Hazeroth,Hatséroth,e2be,Num 11:35
,Hazor,Hatsor,e441,Josh 12:19
,height,hauteur,ecc1,
,Havilah_man,Havila_homme,effa,Gen 10:7
,Havilah_land,Havila_région,ede8,Gen 2:11
,Hazael,Hazaël,e456,Amos 1:4
,Hazo,Hazo,e1b0,Gen 22:22
,Heber,Héber,e1b1,Gen 46:17
,Eber_man,Héber_homme,ec5a,Gen 10:21
,Eber_land,Héber_région,e497,Num 24:24
,Hebrew,Hébreu,ec8f,Gen 14:13
,Hebron,Hébron,edeb,Gen 13:18
,Hegai_man,Hegaï,e41a,Esth 2:8
,Helek,Hélek,e3ac,Num 26:30
,Heli,Héli,ec44,Luke 3:23
,Helon,Hélon,e1fc,Num 1:9
,Heman,Héman,e1b2,1 Kgs 4:31
,Hemdan,Hemdan,eff4,Gen 36:26
,Emmor,Hémor,eb5d,Acts 7:16
,Hanok,Hénoc,ec5f,Gen 25:4
,Enoch,Hénoch,ec5f,Gen 4:17
,Hepher,Hépher,e3ad,Num 26:32
,grass,herbe,ea33,
,inheritance,héritance,e017,
,heir,héritier,e018,
,Hermas,Hermas,ebc4,Rom 16:14
,Hermes_man,Hermès_homme,ebed,Rom 16:14
,Hermes_idol,Hermès_idole,eb2f,Acts 14:12
,Hermogenes,Hermogène,ecb5,2 Tim 1:15 
,Herod,Hérode,e360,Matt 2:1
,Herodias,Hérodias,e355,Matt 14:3
,Herodians,Hérodiens,ea05,Mark 3:6
,Herodion,Hérodion,ebf1,Rom 16:11
,Heshbon,Heshbon,e3ae,Josh 13:26
,Heth,Heth,edec,Gen 10:15
,Hittites,Héthiens,eded,Gen 15:20
,Hezron,Hetsron,ea4f,Gen 46:9
,hour,heure,e331,
,Hivites,Héviens,edee,Exod 3:8
,Tigris,Hiddékel,eed6,Dan 10:4
,Hierapolis,Hiérapolis,ece9,Col 4:13
,Hirah,Hira,e1b3,Gen 38:1
,winter,hiver,e16b,
,Hobab,Hobab,e1fd,Num 10:29
,Hoglah,Hogla,e3af,Num 26:33
,Hoham,Hoham,e433,Josh 10:3
,man,homme,e000,
,honor,honneur,e031,
,dignify,honorer,e04b,
,shame,honte,e065,
,ashamed,honte (avoir),e05f,
,Hor_Haggidgad,Hor_Guidgad,e3ec,Num 33:32
,Horam,Horam,e434,Josh 10:33
,Hori,Hori,eff5,Gen 36:22
,Horites,Horiens,edf1,Gen 14:6
,Hormah,Horma,e2f8,Num 14:45
,out,hors_de,e241,
,hosanna,hosanna,e216,
,enmity,hostilité,e01b,
,oil,huile,e030,
,eight,huit,e293,
,Hul,Hul,edf2,Gen 10:23
,Hupham,Hupham,e3b0,Num 26:39
,Huppim,Huppim,efc5,Gen 46:21
,Hur,Hur,e2e0,Exod 31:2
,Husham,Huscham,e1b4,Gen 36:34
,Hushim,Huschim,efc6,Gen 46:23
,Hymenaeus,Hyménée,ecaa,1Tim 1:20
,hypocrite,hypocrite,e152,
,Jesse,Iasï,ea58,Ruth 4:17
,here,ici,e212,
,Iconium,Icone,ec1f,Acts 13:51
,fool,idiot,ea7c,
,idol,idole,e35d,
,Asherah,idoles,e0bc,Exod 34:13
,Idumea,Idumée,e378,Mark 3:8
,ignorance,ignorance,e06e,
,ignorant,ignorant,e06e,
,Iye_Abarim,Iijé_Abarim,e3b2,Num 21:11
,island,île,eb05,
,Illyricum,Illyrie,ebc6,Rom 15:19
,they,ils,e125,
,important,important,ebe7,
,impossible,impossible,e180,
,tax,impôt,e02b,
,tax_collector,Impôt_collecteur,e12a,
,impure,impur,e249,
,reckon,imputé,ebc0,Rom 4:4 
,incense,incense,ec98,
,unbelief,incrédulité,e194,
,amazing,incroyable,e14a,Esth 1:1
,India,Inde,e4a2,Esth 8:9
,revile,injuriés,e055,1 Cor 4:12
,unrighteous,injust ,e08f,Matt 5:45
,unrighteousness,injustes,e08f,
,flood,inondation,ece0,
,worry,inquiéter,e056,
,insect,insecte,e304,
,insist,insister,e058,
,useless,inutile,e190,
,Irad,Irad,edf3,Gen 4:18
,Iram,Iram,eff6,Gen 36:43
,Isaac,Isaac,e374,Gen 17:19
,Ishbosheth,Isch_Boscheth,e48a,2 Sam 2:8
,Ishmael,Ismaël,e1b5,Gen 17:18
,Israel,Israël,ea04,Gen 32:28
,Issachar,Issacar,ecce,Gen 30:18
,Italy,Italie,ec90,Acts 18:2
,Ithamar,Ithamar,e2e1,Exod 28:1
,Ituraea,Iturée,ec3e,Luke 3:1
,Jabal,Jabal,e1b7,Gen 4:20
,Jabbok,Jabboq,efca,Gen 32:22
,Jacob,Jacob,e375,Gen 25:26
,James,Jacques,e358,Matt 4:21
,James_the_Disciple,Jacques_fils_de_Zebédée,e376,Mark 1:19
,Jalam,Jaelam,eff7,Gen 36:5
,Jazer,Jaezer,e38a,Num 21:32
,Jahaz,Jahats,e3b3,Num 21:23
,Jahleel,Jahleel,efcb,Gen 46:14
,Jahziel,Jahtseiel,e1b8,Gen 46:24
,Jair,Jair,e3cc,Num 32:41
,Jairus,Jaïrus,e367,Mark 5:22
,Jakin,Jakin,e1b9,Gen 46:10
,leg,jambe,ebe0,
,Jambres,Jambrès,ecbc,2 Tim 3:8
,Jamin,Jamin,efcc,Gen 46:10
,Jannai,Jannaï,ec46,Luke 3:24
,Jannes,Jannès,ecbe,2 Tim 3:8
,Janoah,Janoach,e46a,Josh 16:7
,Japheth,Japhet,edf4,Gen 6:10
,Japhia,Japhia,e435,Josh 10:3
,Japhlet,Japhlét,e46b,Josh 16:3
,garden,jardin,eddc,
,Jarmuth,Jarmuth,e436,Josh 10:3
,jar,jarre,e0d5,
,Jashub,Jaschub,e389,Num 26:24
,Jason,Jason,eb64,Acts 17:5
,yellow,jaune,ecdb,
,Javan,Javan,e1ba,Gen 10:2
,I,je ,e166,
,jealous,jealous,e2fe,
,John,Jean,e35a,John 1:42
,John_the_Baptist,Jean_le_Baptiste,e336,Matt 3:4
,John_the_Disciple,Jean_le_Disciple,e35a,Matt 4:21
,Joanna,Jeanne,ec63,Luke 8:3
,Jebusites,Jebusiens,e1e5,Gen 10:16
,Jechoniah,Jéconias,ea66,Matt 1:11
,Jegar_Sahadutha,Jegar_Sahadutha,e1e6,Gen 31:47
,Jehozadak,Jehotsadak,e47e,1 Chron 6:15
,Jemuel,Jemuel,efcd,Exod 6:15
,Jephthah,Jephthé,ed04,Judg 11:1
,Jephunneh,Jephunné,e3ee,Num 26:65
,Jerah,Jérach,edf5,Gen 10:26
,Jared,Jéred,ec62,Gen 5:15
,Jeremiah,Jérémie,ea28,2 Chr 36:12
,Jericho,Jéricho,ea08,Num 22:1
,Jeroboam,Jéroboam,e457,1 Kgs 11:26
,Jerusalem,Jérusalem,e338,Josh 10:1
,Jesus,Jésus,e037,Matt 1:1
,throw,jeter,e327,
,Jetheth,Jetheth,eff8,Gen 36:40
,Jethro,Jéthro,e0cc,Exod 18:1
,Jetur,Jethur,eedc,Gen 25:15
,Jezer,Jetser,e1bc,Gen 46:24
,young,jeune,e0f1,
,fast_no_eat,jeûne_pas_manger,e18e,
,Jeush,Jéusch,e1bb,Gen 36:5
,Jezebel,Jézabel,eca2,1 Kgs 16:31
,Iezer,Jézer,e3b1,Num 26:30
,Ibleam,Jibleam,e469,Josh 17:11
,Jidlaph,Jidlaph,efce,Gen 22:22
,Igal,Jigual,e1fe,Num 13:7
,Imnah,Jimna,efc7,1 Chr 7:30
,Jezreel,Jirzeel,e46c,Josh 17:16
,Iskah,Jisca,eedb,Gen 11:29
,Ishbak,Jischbak,eeda,Gen 25:2
,Ishvah,Jischva,efc8,Gen 46:17
,Ishvi,Jischvi,efc9,Gen 46:17
,Ithran,Jithran,e1b6,Gen 36:26
,Izhar,Jitsehar,e2c1,Exod 6:18
,Joanan,Joanan,ec4c,Luke 3:27
,Joash,Joas,e458,Judg 6:31
,Job,Job,ed0b,Job 1:1
,Iob,Job_fils_Issacar,e0ee,Gen 46:13
,Joda,Joda,e34b,Luke 3:26
,Joel,Joël,ec92,Joel 1:1
,Jogbehah,Jogbeha,e3cd,Num 32:35
,Jogli,Jogli,e3ef,Num 34:22
,joy,joie,e205,
,Jehoiachin,Jojakin,e41b,2 Kgs 24:6
,Jochebed,Jokébed,e2c4,Exod 6:20
,Jokneam,Jokneam,e442,Josh 12:22
,Jokshan,Jokschan,eedd,Gen 25:2
,Joktan,Jokthan,e1bd,Gen 10:25
,Jonam,Jonam,ec9b,Luke 3:30
,Jonah,Jonas,e0c5,Jonah 1:1
,Jonah_Simons_father,Jonas_Simon_père,ea29,Matt 16:17
,Jonathan,Jonathan,e48b,1 Sam 13:2
,Joppa,Joppé,ec2d,Jonah 1:3
,Joram,Joram,ea5e,2 Kgs 8:16
,Jorim,Jorim,ec64,Luke 3:29
,Jehoshaphat,Josaphat,ea5d,1 Kgs 15:24
,Joseph,Joseph,ea15,Gen 30:24
,Joses,Joses,e369,Matt 13:55
,Josiah,Josiah,ea65,2 Kgs 21:24
,Joshua,Josué,eb03,Exod 17:9
,Jotham,Jotham,eb82,Judg 9:5
,Jothan,Jothan,ea60,?
,Jotbathah,Jothbatha,e3f0,Num 33:33
,Jehozadak,Jotsadak,e494,Zech 6:11
,yoke,joug,eb09,
,day,jour,e15f,
,Jordan_River,Jourdain_rivière,e34f,Gen 50:10
,happy,joyeux,e205,
,Jubal,Jubal,edf7,Gen 4:21
,Judah_man,Juda_homme,ea4b,Gen 29:35
,Judah_land,Juda_region,e426,Hag 1:1
,Jewish,Judaïques,e0f9,Titus 1:14
,Judas,Jude,e368,Mark 6:3
,Jude,Jude,e368,Jude 1:1
,Judas_Iscariot,Jude_l’Iscariot,e365,Matt 10:4
,Judas_not_Iscariot,Jude_non_pas_l’Iscariot,e368,John 14:22
,Judea,Judée,e339,Rom 15:31
,Judith,Judith,edf8,Gen 26:34
,judge,juge,e1a2,
,judgment,jugement,e1a2,
,Jew,Juif,e0f9,Esth 2:5
,Julia,Julie,ebc7,Rom 16:15
,Julius,Julius,ec07,Acts 27:1
,twin,jumeau,ec1b,
,Junia,Junias,ebc8,Rom 16:7
,until,jusquà,e16c,
,righteous,juste,e090,
,righteous_person,juste_person,e130,Matt 13:43
,righteousness,justice,e090,Matt 5:20
,justice,justice,ea25,
,justify,justifier,eb4f,
,Justus,Justus,eb6a,Acts 1:23
,Kadesh,Kadès,edf9,Gen 14:7
,Kadesh_Barnea,Kadès_Barnéa,edf9,Num 34:4
,Kadmonites,Kadmoniens,efd1,Gen 15:19
,Cainan,Kaïnam,ec56,Luke 3:36
,Kanah_village,Kana_village,e46e,Josh 19:28
,Kedar,Kédar,eede,Gen 25:13
,Kedemoth,Kedémoth,e49a,Duet 2:26
,Kedemah,Kedma,eedf,Gen 25:15
,Kedorlaomer,Kedorlaomer,edfb,Gen 14:1
,Kohath,Kehath,efd8,Gen 46:11
,Kehelathah,Kehélatha,e3f1,Num 33:22
,Chemosh,Kemosch,e3a8,Num 21:29
,Kemuel,Kemuel,efd3,Gen 22:21
,Kenan,Kénan,ec56,Gen 5:9
,Kenath,Kenath,e3ce,Num 32:42
,Kenaz,Kenaz,efd4,Gen 36:11
,Kenites,Kéniens,efd5,Gen 15:19
,Kephirah,Kephira,e437,Jos 18:26
,Keran,Keran,eff9,Gen 36:26
,Kerioth,Kerijoth,e459,Jer 48:24
,Kesed,Késed,efd6,Gen 22:22
,Keturah,Ketura,eee1,Gen 25:1
,Kibroth_Hattaavah,Kibroth_Hattaava,e2a0,Num 11:34
,Kilion,Kiljon,e41f,Ruth 1:5
,Kinnereth,Kinnéreth,e3f2,Josh 19:35
,Kir,Kir,e45a,Isa 22:6
,Kiriath_Huzoth,Kirjah_Hutsoth,e2f9,Num 22:39
,Kiriath_Arba,Kirjath_Arba,efd7,Gen 23:2
,Kiriath_Jearim,Kirjath_Jearim,e438,Josh 9:17
,Kish,Kis,eb49,1 Chr 24:29
,Kislon,Kislon,e3f3,Num 34:21
,Kittim_man,Kittim_homme,edfc,Gen 10:4
,Kittim_island,Kittim_îsle,eb88,Num 24:24
,Korah,Koré,ecf3,Gen 36:14
,Cosam,Kosam,ec59,Luke 3:28
,tower,la_tour,e30f,
,Laban,Laban,edfd,Gen 24:29
,plow,labourer,ec72,Deut  22:10
,lake,lac,ec65,
,Beer_Lahai_Roi,Lachaí_roí,eef9,Gen 16:14
,Lael,Laël,e2a1,Num 3:24
,wool,laine,ebfa,
,milk,lait,eca3,
,Lachish,Lakis,e439,Josh 10:3
,lamp,lampe,e164,
,language,langage,ea23,
,tongue,langue,e045,
,Laodicea,Laodicée,ebf9,Col 4:13
,wide,large,ecc4,
,Lasharon,Lascharon,e443,Josh 12:18
,Lasea,Lasée,ec16,Acts 27:8
,Latin,Latin,eba8,John 19:20
,wash,laver,e08b,
,Lazarus,Lazare,ec67,John 11:14
,least,le moindre,e397,
,most,le plus,e229,
,Allon_Bakuth,le_chêne_des_pleurs,efab,Gen 35:8
,son,le_fils,e004,
,smallest,le_plus_petit,e397,
,Pontus,le_Pont,eb75,Acts 2:9
,Leah,Léa,efd9,Gen 30:12
,Lebo_Hamath,Lebo_Hamath,e2a2,Num 34:8
,Legion,Légion,e366,Mark 5:9
,lawful,légitime,e22f,
,Lehabites,Lehabim,e1c1,Gen 10:13
,Lamech,Lémec,ec66,Gen 5:25
,slow,lent,e19c,
,leopard,léopard,ecf8,
,leprosy,léprosie,e382,
,sons,les_fils,e005,
,Lasha,Léscha,e1c0,Gen 10:19
,letter,lettre,eb84,
,Letush,Letuschim,eee2,Gen 25:3
,Letush,Letuschim,eee2,
,Leum,Leummim,eee3,Gen 25:3
,Leummim,Leummim,eee3,Gen 25:3
,leaven,levain,e32d,
,Levi,Lévi,eb1b,Exod 1:2
,Levi_Matthew,Lévi_Matthieu,e35c,Luke 5:29
,Lebanon,Liban,e599,Ps 29:5
,freedom,liberté,e260,
,Libnah,Libnah,e3f4,Josh 15:42
,Libni,Libni,e2e2,Exod 6:17
,free,libre,e260,
,Libya,Libye,eb73,Acts 2:10
,bound,lié,e25f,
,linen,lin,ea20,
,Linus,Linus,ecb0,2 Tim 4:21
,lion,lion,ecb6,
,read,lire,e22a,
,smooth,lisse,ec9a,
,bed,lit,e122,
,book,livre,e22a,
,locust,locuste,ecd4,
,Lo_Debar,Lodebar,e45b,2 Sam 9:4
,law,loi,e22f,
,far,loin,e197,
,away,loin_de,e11e,
,Lois,Loïs,ecb7,2 Tim 1:5
,length,longueur,ecc2,
,Lot,Lot,ebdc,Gen 11:27
,Lotan,Lothan,effb,Gen 36:20
,praise,louange,e04b,
,lease,louer,e175,
,heavy,lourd,e0e7,
,Luke,Luc,eb68,Col 4:14
,Lucius,Lucius,ec93,Acts 13:1
,Lud,Lud,e1c2,Gen 10:22
,Ludites,Ludim,e1ea,Gen 10:13
,light,lumière,e0c2,
,moon,lune,e272,
,Luz,Luz,edfe,Gen 28:19
,Lycaonia,Lycaonie,eb51,Acts 14:6
,Lycia,Lycie,ec13,Acts 27:5
,Lydda,Lydde,ec2e,Acts 9:35
,Lydia,Lydie,eb50,Acts 16:14
,Lysanias,Lysanias,ec40,Luke 3:1
,Lysias,Lysias,ec37,Acts 24:22
,Lystra,Lystre,eb44,Acts 16:2
,Maakah_woman,Maaca_femme,e2d8,2 Chr 11:21
,Maakah_man,Maaca_homme,efda,1 Chr 11:43
,Maakath_man,Maacathiens_homme,e49c,Josh 12:5
,Maakath_land,Maacathiens_région,e483,Josh 13:13
,Maath,Maath,ec4b,Luke 3:26
,Macedonia,Macédoine,ec0d,Acts 16:9
,Mahlah,Machla,e38c,Num 36:11
,Mahli,Machli,e2c5,Ezra 8:18
,Mahlon,Machlon,e420,Ruth 1:5
,Machpelah,Macpéla,eee4,Gen 23:19
,Madai,Madaï,edff,Gen 10:2
,Midian_man,Madian_homme,e1eb,Gen 25:2
,Midian_land,Madian_région,eb0f,Exod 2:15
,Madon,Madon,e444,Josh 11:1
,Magadan,Magadan,ea30,Matt 15:39
,Magdiel,Magdiel,effc,Gen 36:43
,magician,magicien,ec8a,
,Magog_man,Magog_homme,eea1,Rev 20:8
,Magog_land,Magog_région,ecf9,Ezek 38:2
,Mahalaiel,Mahalaleel,ec68,Gen 5:16
,Mahalath,Mahalath,eea2,Gen 28:9
,Mahanaim,Mahanaïm,efdb,Gen 32:2
,hand,main,e071,
,now,maintenant,e215,
,but,mais,e11a,
,house,maison,e171,
,master,maître,e028,
,Makheloth,Makhéloth,e3f5,Num 33:26
,Maki,Maki ,e2a3,Num 13:15
,Makir,Makir,e46f,Jos 13:31
,Machir_woman,Makir_femme,e2d2,
,Machir_man,Makir_homme,e2d1,Gen 50:23
,Makkedah,Makkéda,e414,Josh 10:28
,sick,malade,e20a,
,disease,maladie,e20a,
,Malchus,Malchus,ebb7,John 18:10
,curse,malédiction,e05a,
,Malkiel,Malkiel,efcf,Gen 46:17
,Malta,Malte,ec19,Acts 28:1
,Mamre,Mamré,eea3,Gen 18:1
,Manahath,Manahath,e1c3,Gen 36:23
,Manaen,Manahen,eb40,Acts13:1
,Manasseh_man,Manassé_homme,ea63,Gen 41:51
,Manasseh_land,Manassé_region,e470,Josh 17:7
,eat,manger,e053,
,eat,manger,e053,
,way,manière,e23c,
,manna,manne,eba9,Exod 16:31
,cloak,manteau,ea76,
,Maon,Maon,e47c,1 Chr 2:45
,Marah,Mara,e0cd,Exod 15:23
,Mark,Marc,e371,Acts 15:37
,walk,marcher,e256,
,Mordecai,Mardochée,e4a3,Esth 2:5
,husband,mari,e012,
,marriage,mariage,e010,
,wedding,mariage,e011,
,Mary,Marie,e354,Matt 27:56
,Miriam,Marie,e385,Num 12:1
,Mary_Magdalene,Marie_de Magdala,e353,Mark 15:40
,Mary_Mother_of_Jesus,Marie_mere_de_Jesus,e354,Matt 1:16
,Martha,Marthe,ec69,John 11:5
,Masrekah_city,Masreka_ville,effd,Gen 36:36
,Massah,Massa,e2c3,Exod 17:7
,Massa,Massa,eee5,Gen 25:14
,mattress,matelas,e122,
,Matred,Mathred,effe,Gen 36:39
,morning,matin,e163,
,Mattatha,Mattatha,ec9c,Luke 3:31
,Mattathias,Mattathias,ec9d,Luke 3:26
,Matthan,Matthan,ea71,Matt 1:15
,Mattanah,Matthana,e38d,Num 21:19
,Matthat,Matthat,ed12,Luke 3:24
,Matthias,Matthias,eb04,Acts 1:26
,Matthew,Matthieu,eb04,Matt 9:9
,Mattithiah,Matthithia,e1c4,Ezra 10:43
,bad,mauvais,e17d,
,Mesha_land,Mécha_région,eea5,Gen 10:30
,Meshech,Méchec,eea6,Gen 10:2
,Medad,Médad,e2a4,Num 11:26
,Medan,Medan,eee7,Gen 25:2
,Medeba,Médeba,e38e,Num 21:30
,Media,Médie,eb70,Ezra 6:2
,Megiddo,Meguiddo,ecfb,Josh 12:21
,Mehetabel,Mehéthabeel,eff0,Gen 36:39
,Mehujael,Mehujaël,eea4,Gen 4:18
,best,meilleur,e21f,
,Melchi,Melchi,ec45,Luke 3:24
,Melchizedek,Melchisédek,ed05,Gen 14:18
,Melea,Méléa,ec6a,Luke 3:31
,member,membre,e174,
,same,même,e24b,Matt 26:44
,Menna,Menna,ec6b,Luke 3:31
,lie,mensonge,e17f,Acts 5:4
,sea,mer,e14d,
,Sea_of_Galilee,Mer_de_Galilée,e350,Matt 4:18
,Sea_of_Tiberias,Mer_de_Tibériade,ebaf,John 6:1
,Sea_of_Reeds,Mer_Rouge,eb0c,Exod 10:19
,Merari,Merari,efdc,Gen 46:11
,thank,merci,e20e,
,mother,mère,e00b,
,Meribah,Meriba,e2c7,Exod 17:7
,deserve,mériter,e0f5,
,Aram_Naharaim,Mésopotamia,eb72,Gen 24:10
,Mesopotamia,Mésopotamie,eb72,Acts 2:9
,message,message,e22d,
,messenger,messager,e136,
,Messiah,Messie,e334,John 4:25
,measure,mesure,e305,
,metal,métal,eb28,
,put,mettre,e07e,
,put_verb,mettre,e07e,Gen 3:15
,Methushael,Metuschaël,eea7,Gen 4:18
,Methuselah,Metuschélah,ec6c,Gen 5:21
,murderer,meurtrier,ea10,
,Me_Zahab,Mézahab,efff,Gen 36:39
,Mibsam,Mibsam,eee6,Gen 25:13
,Mibzar,Mibtsar,e1c5,Gen 36:42
,Michael_man,Micaël_homme,e2a5,1 Chr 5:13
,Michael_angel,Michel_ange,ece1,Jude 9
,Mikmethath,Micmethath,e471,Josh 16:6
,honey,miel,e052,
,better,mieux,e09e,
,Migdol,Migdol,e0ce,Exod 14:2
,Milkah,Milca,eee8,Gen 11:29
,Miletus,Milet,eb23,Acts 20:15
,thousand,millier,e296,
,million,million,ecd9,
,multitude,miltitude,e128,
,miracle,miracle,e095,
,mirror,miroir,ebe6,
,Mishael,Mischaël,e2dc,Lev 10:4
,Mishma,Mischma,e1c6,Gen 25:14
,mercy,miséricorde,e01d,
,Mithkah,Mithka,e3f6,Num 33:28
,Mizpah,Mitspa,e2cf,Gen 31:49
,Mizraim,Mitsraïm,eea8,1 Chr 1:8
,Mizzah,Mizza,e1c7,Gen 36:13
,Mnason,Mnason,eb26,Acts 21:16
,Moab_man,Moab_homme,eea9,Gen 19:37
,Moab_land,Moab_région,e2fa,Gen 36:35
,me,moi,e166,
,month,mois,e34c,
,Moses,Moïse,e35b,Exod 2:10
,harvest,moisson,e082,
,harvester,moissonneur,e139,
,Molech,Moloc,ec26,Lev 18:21
,world,monde,e129,
,Mount_Carmel,Mont_Carmel,e45c,1 Kgs 18:19
,Mount_Horeb,Mont_Horeb,eb5c,Exod 33:6
,Mount_Peor,Mont_Péor,e392,Num 23:28
,Mount_Pisgah,Mont_Pisga,e393,Num 21:20
,Mount_Shepher,Mont_Schapher,e3f8,Num 33:23
,Mount_Sinai,Mont_Sinaï,eb5c,Exod 19:11
,Mount_Zion,Mont_Sion,ecf5,2 Kgs 19:31
,mountain,montagne,e306,
,Mount_Gerizim,Montagne_de_Garizim,e416,Duet 11:29
,Mount_Hor,Montagne_de_Hor,e3b4,Num 20:22
,Mount_Hermon,Montagne_de_l’Hermon,e49d,Duet 3:8
,Mount_of_Olives,Montagne_des_Oliviers,e351,Matt 21:1
,Mount_Ebal,Montagne_Ebal,e415,Duet 11:29
,Mount_Nebo,Montagne_Nebo,e486,Duet 32:49
,Mount_Halak,Montagne_Nue,e44e,Josh 11:17
,ascend,monter,e322,
,show,montrer,e162,
,mock,moquer,ea12,
,Moreh,Moré,eeaa,Gen 12:6
,Moriah,Morija,efdd,Gen 22:2
,dead,mort,e181,
,death,mort,e181,
,Moserah,Moséra,e485,Duet 10:6
,Moseroth,Moséroth,e3f7,Num 33:30
,word,mot,ebb4,
,stern_words,mots_sévéres,eca7,
,grind,moudre,e83d,
,wet,mouillé,e247,
,die,mourir,e181,
,mustard,moutarde,e039,
,sheep,mouton,e270,
,times,multiplier,e049,
,Muppim,Muppim,efde,Gen 46:21
,wall,mur,e288,
,mature,mûr,e236,
,ripe,mûr,e236,
,ripen,mûrir,e154,
,Mushi,Muschi,e2c6,Exod 6:19
,Myra,Myra,ec28,Acts 27:5
,myrrh,myrrhe,e245,
,Mysia,Mysie,eb4a,Acts 16:7
,mystery,mystère,e18b,
,Mitylene,Mytilène,eb21,Acts 20:14
,Naamah,Naama,eeab,Gen 4:22
,Naaman,Naaman,ec6d,Gen 46:21
,Naarah_woman,Naara_femme,e477,1 Chr 4:5
,Naarah_village,Naaratha_village,e472,Josh 16:7
,Nahbi,Nachbi,e2a6,Num 13:14
,Nahor,Nachor,ec6e,Gen 11:22
,Nahshon,Nachschon,ea52,Exod 6:23
,Nadab,Nadab,e2e3,Exod 6:23
,Naggai,Naggaï,ec4a,Luke 3:25
,Nahaliel,Nahaliel,e394,Num 21:19
,Nahath,Nahath,e1c8,Gen 36:13
,Nahum,Nahum,ec48,Nah 1:1
,Nain,Naïn,ea48,Luke 7:11
,birth,naissance,e235,
,born,naître,e235,
,Naomi,Naomi,e421,Ruth 1:2
,Naphish,Naphisch,eee9,Gen 25:15
,Naphtuh,Naphtuhim,eeac,Gen 10:13
,Narcissus,Narcisse,ebc9,Rom 16:11
,Nathan,Nathan,ec6f,2 Sam 5:14
,nation,nation,e0a2,
,human_nature,nature_humaine,e23d,Rom 6:19
,sail,naviguer,e267,
,Nazareth,Nazareth,e34e,Matt 2:23
,Nazarite,Naziréat,e395,Num 6:22
,Neapolis,Néapolis,eb4e,Acts 16:11
,Nebaioth,Nebajoth,eead,Gen 28:9
,Nebo,Nebo,e3f9,Num 33:47
,Nebuchadnezzar,Nebucadnetsar,e41c,Jer 21:2
,Negev,Neguev,eeae,Gen 12:9
,snow,neige,ebfb,
,Nemuel,Nemuel,e396,Num 26:9
,Nepheg,Népheg,e2e4,Ex 6:21
,Naphtali,Nephthali,ea40,Gen 30:8
,Nereus,Nérée,ebca,Rom 16:15
,Neri,Néri,ec70,Luke 3:27
,Nethanel,Nethaneel,e2ff,Num 1:8
,Nathaniel,Nethanieel,ec6f,Num 7:23
,clean,nettoyer,e248,
,nine,neuf,e294,
,nose,nez,e309,
,Nicanor,Nicanor,eb55,Acts 6:5
,Nicodemus,Nicodème,ebab,John 3:1
,Nicolaus,Nicolas,eb56,Acts 6:5
,Nicopolis,Nicopolis,ed08,Titus 3:12
,nest,nid,e399,
,deny,nier,e0e5,
,Nile,Nil,efdf,Exod 7:18
,Nimrah,Nimra,e3cf,Num 32:3
,Nimrod,Nimrod,eeaf,Gen 10:8
,Nineveh,Ninive,e0c6,Gen 10:12
,level,niveau,e0d9,
,Noah_woman,Noa,e47a,Num 36:11
,Nob,Nob,e463,1 Sam 21:1
,Nobah_man,Nobach_homme,e412,Num 32:42
,Nobah_land,Nobach_région,e3d0,Num 32:42
,Nod,Nod,eeb1,Gen 4:16
,Noah_man,Noé,ea43,Gen 6:8
,knot,noeud,e30e,
,black,noir,eb86,
,name,nom,e04f,
,number,nombre,e0b7,
,appointed,nommé,e041,
,no,non,e17c,
,not,non,e17c,
,Nophah,Nophach,e39b,Num 21:30
,north,nord,ea74,
,tie,nouer,e30e,
,us,nous,e167,
,we,nous,e167,
,new,nouveau,e308,
,news,nouvelle,e22d,
,cloud,nuage,e26e,
,night,nuit,e272,
,Nun,Nun,e2e6,Exod 33:11
,Nympha,Nymphas,ecea,Col 4:15
,Obal,Obal,eeb2,Gen 10:28
,Obed,Obed,ea56,Matt 1:5
,obey,obéir,e04e,
,obedience,obéissance,e04e,
,Oboth,Oboth,e39c,Num 33:43
,ocean,océan,e14d,
,Okran,Ocran,e2a7,Num 1:13
,smell,odeur,e309,
,eye,oeil,e238,
,egg,oeuf,e482,
,offering,offrande,e03a,
,Og,Og,e39d,Ps 135:11
,Ohad,Ohad,efe1,Gen 46:10
,Oholiab,Oholiab,e0cf,Exod 31:6
,Oholibamah_woman,Oholibama_femme,efe0,Gen 36:18
,Oholibamah_man,Oholibama_homme,e0ac,Gen 36:41
,anointed,oint,e033,
,bird,oiseau,e25c,
,olive,olive,eda1,
,Olympus,Olympe,ebcb,Rom 16:15
,Omar,Omar,e1c9,Gen 36:11
,shade,ombre,e079,
,On_city,On_ville,efe2,Gen 41:45
,Onam,Onam,e1ca,Gen 36:23
,Onan,Onan,e1cb,Gen 38:8
,Onesimus,Onésime,ecb8,Phlm 1:10
,Onesiphorus,Onésiphore,ecb8,2 Tim I:16
,Ophir,Ophir,eeb3,Gen 10:29
,oppose,opposer,e330,
,gold,or,eb2a,
,command,ordonner,e058,
,order,ordre,ebe7,
,ear,oreille,e299,
,pillow,oreiller,e26c,
,pride,orgueil,e14b,
,proud,orgueilleux,e14b,
,Orpah,Orpa,e422,Ruth 1:4
,toe,orteil,e2c8,
,bone,os,e0b2,
,Hosea,Osée,ebc5,Hos 1:1
,or,ou,e106,
,where,où,e15a,
,west,ouest,ea89,
,yes,oui,e09a,
,tool,outil,eb34,
,open,ouvrir,e18a,
,Uzziah,Ozias,ea5f,2 Kgs 15:13
,Ozni,Ozni,e39e,Num 26:16
,Paddan_Aram,Paddan_Aram,eeea,Gen  25:20
,Pagiel,Paguiel,e2a8,Num 1:13
,bread,pain,e05d,
,loaf,pain,e05d,
,peace,paix,e123,
,Pallu,Pallu,e1cc,Exod 6:14
,Palti,Palthi,e2a9,Num 13:9
,Paltiel,Paltiel,e3fb,Num 34:26
,Pamphylia,Pamphylie,eb6e,Acts 2:10
,basket,panier,e19f,
,Paphos,Paphos,eb9f,Acts 13:6
,Passover,P̂aque_de_l’Eternal,e20d,Exod 12:11
,parable,parabole,e22d,
,paralyze,paralyser,e131,
,Paran,Paran,eeeb,Gen 21:21
,because,parce_que,e066,
,forgiveness,pardon ,e18f,
,forgive,pardonner,e18f,
,relative,parents,e176,
,perfume,parfum,e097,
,fragrant,parfumé,e097,
,speak,parler,e03f,
,Parmenas,Parménas,eb57,Acts 6:5
,Parnak,Parnac,e3fc,Num 34:25
,Word,Parole,ebb8,John 1:1
,Word_of_God,Parole_de_Dieu,e22c,Rev 19:13
,share,partager,e07a,
,Parthia,Parthes,eb0a,Acts 2:9
,party,parti,e20b,
,depart,partir,e243,
,everywhere,partout,e155,
,past,passé,e16d,
,passion,passion,ebac,
,pastor,pasteur,ecc3,
,Patara,Patara,ec23,Acts 21:1
,dough,pâte,ea36,
,patience,patience,e16f,
,patient,patient,e16f,
,Patmos,Patmos,ebf4,Rev 1:9
,Patrobas,Patrobas,ebcc,Rom 16:14
,pattern,patron,ecf0,
,Pathrusites,Patrusim,eeb4,1 Chr 1:12
,Pau,Pau,efd0,Gen 36:39
,Paul,Paul,e377,Acts 13:9
,poor,pauvre,ea3a,
,pavement,pavé,ebad,
,country,pays,e0a2,
,sin,péché,e08f,
,sinner,pécheur,e151,
,fisherman,pêcheur,e264,
,Pedahel,Pedahel,e3fd,Num 34:28
,Pedahzur,Pedahtsur,e2aa,Num 1:10
,grieve,peiner,e207,
,Peleg,Péleg,ec71,Gen 10:25
,Peleth,Péleth,e2fb,Num 16:1
,Peniel,Peniel,efe4,Gen 32:30
,think,pense,e06c,
,think_wonder,pense_étonnant,e06c,
,think_opinion,pense_opinion,e06c,
,mind,pensée,e06c,
,thought,pensée,e06c,
,pentecost,pentecôte,ec81,Acts 2:1
,Pentecost,Pentecôte,ec81,Acts 2:1
,perceive,percevoir,e06a,
,lost,perdu,e089,
,father,père,e003,
,Perez,Pérets,ea4c,1 Chr 27:3
,perfect,perfect,ecec,
,Pergamum,Pergame,ebf6,Rev 1:11
,Perga,Perge,eb47,Acts 13:13
,allow,permettre,e04a,
,permit,permettre,e04a,
,permission,permission,e04a,
,Persia,Perse,e4a4,2 Chr 36:20
,persecute,persécuter,e03e,
,persecution,persécution,e03e,
,Persis,Perside,ebce,Rom 16:12
,person,person,e11f,
,weigh,peser,e0e6,
,Pethor,Pethor,e2fc,Num 22:5
,Pethuel,Pethuel,e424,Joel 1:1
,small,petit,e19b,
,few,peu ,e19b,
,people,peuple ,e127,
,fear,peur,e056,
,Phanuel,Phanuel,ec3c,Luke 2:36
,Pharaoh,Pharaon,ec94,Genesis 12:15
,Pharisee,Pharisien,e383,Matt 23:26
,Phoenicia,Phénicie,e343,Acts 11:19
,Phoenix,Phénix,ec29,Acts 27:12
,Perizzites,Phéréziens,eeb5,Gen 15:20
,Philadelphia,Philadelphie,ebf8,Rev 1:11
,Philemon,Philémon,ecf2,Phlm 1:1
,Philetus,Philète,ecac,2 Tim 2:17
,Philip,Philippe,e361,Matt 10:3
,Philippi,Philippes,e347,Phil 1:1
,Philistia,Philistins,eeb7,Ps 60:8
,Philologus,Philologue,ebcf,Rom 16:15
,philosopher,philosopher,ec04,
,Phinehas,Phinées,e2c9,Exod 6:25
,Phlegon,Phlégon,ebd1,Rom 16:14
,Phoebe,Phoebé,ebd2,Rom 16:1
,Phrygia,Phrygie,eb76,Acts 2:10
,Phygelus,Phygelle,ecb9,2 Tim 1:15
,Pi_Hahiroth,Pi_Hahiroth,e0da,Exod 14:2
,Phicol,Picol,eeb6,Gen 21:22
,room,pièce,eb06,
,foot,pied,e13d,
,lampstand,pied_de_lampe,e281,
,stumbling_block,pierre_d’achoppement,ea27,
,cornerstone,pierre_d’angle,e21c,
,pigeon,pigeon,e0b6,
,Pilate,Pilate,e36f,Matt 27:2
,Pildash,Pildasch,efe3,Gen 22:22
,pillar,pilier,eca8,
,Pinon,Pinon,efc0,Gen 36:41
,worse,pire,e182,
,Piram,Piream,e417,Josh 10:3
,Pishon,Pischon,eeb8,Gen 2:11
,Pisidia,Pisidie,eb97,Acts 14:24
,Pithom,Pithom,e0db,Exod 1:11
,market_place,place_marché,e02e,
,to_plant,planter,e07d,
,plant,planter,e244,
,dish,plat,e384,
,platter,plat,e386,
,full,plein,e276,
,cry,pleurer,e20c,
,rain,pluie,ea3e,
,more,plus,e199,
,lower_adj,plus_bas_adj,e324,
,smaller,plus_petit,e32e,
,later,plus_tard,e225,
,pn,pn,ed11,
,weight,poids,e0e6,
,fish,poisson,e263,
,breast,poitrine,e2db,
,Porcius,Porcius,ec38,Rev 1:11
,door,porte,e23e,
,gate,porte,e289,
,carry,porter,e088,
,bear,porter,ecef,
,part,portion,e29b,
,porch,portique,eb5e,John 10:23
,pos,pos,e390,
,possible,possible,e098,
,bribe,pot_de_vin,ebdb,
,Potiphera,Poti_Phéra,e1cd,Gen 41:45
,Potiphar,Potiphar,eeec,Gen 37:36
,stern,poupe,e266,
,for,pour,e086,
,purple,pourpre,e286,
,why,pourquoi,e067,
,grow,pousser,e154,
,dust,poussière,e15d,
,can,pouvez,e124,Gen 4:13
,power,pouvoir,e124,
,preach,prêcher,e04d,
,preaching,prêcher,e04d,
,precious,précieux,ea37,
,preacher,prédicateur,e134,
,first,premier,e233,
,foreknowledge,prémunition,eb79,
,take,prendre,e088,
,prepare,préparer,e091,
,attendant,préposé,e150,
,near,près,e300,
,beside,près_de ,e117,
,press,presser,e228,Luke 8:45
,pretend,prétendre,e094,
,priest,prêtre,e03b,
,warn,prévenir,e19e,
,pray,prier,e05e,
,prayer,prier,e05e,
,prince,prince,eb61,
,priority,priorité,ebe7,
,Priscilla,Priscille,eb18,Acts 18:2
,prison,prison,e172,
,prisoner,prisonnier,e145,
,trial,procès,ec87,
,next,prochain,ebf2,
,Prochorus,Prochore,eb53,Acts 6:5
,proconsul,proconsul,e0a3,Acts 13:12
,profit,profiter,e035,
,deep,profond,e321,
,depth,profondeur,e321,
,promise,promessse,e37a,
,prophet,prophet,e135,
,prophesy,prophétie,e23b,
,own,propre,eced,
,prostitute,prostituée,ecfc,
,proverb,proverbe,ec73,
,Psalm,Psaume,e0e2,1 Chr 16:7
,Ptolemais,Ptolémaïs,ec08,Acts 21:7
,Puah_woman,Pua_femme,e0dc,Exod 1:15
,Puah_man,Pua_homme,e1d3,Judg 10:1
,Publius,Publius,ec1a,Acts 28:7
,Pudens,Pudens,ecba,2 Tim 4:21
,well,puits,ebb3,
,punish,punir,e1d0,
,punishment,punition,ec26,
,Punon,Punon,e3fe,Num 33:42
,pure,pur,e248,Matt 5:8
,Puteoli,Putéoli,ec1e,Acts 28:13
,Put_man,Puth_homme,eeba,1 Chr 1:8
,Putiel,Puthiel,e2ca,Exod 6:25
,Pyrrhus,Pyrrhus,eb1c,Acts 20:4
,when,quand,e16a,
,Quartus,Quartus,ebd3,Rom 16:23
,four,quatre,e28f,
,some,quelques_uns,e29b,
,questioned,question,e061,
,tail,queue,ecd6,
,who,qui,e1a1,
,worth,qui vaut,e09b,
,Quirinius,Quirinius,ec3b,Luke 2:2
,leave,quitter,e243,
,what,quoi,e109,
,Rabbah,Rabbath,e49e,Deut 3:11
,rough,raboteux,ec99,Luke 3:5
,Rachel,Rachel,ea41,Gen 29:6
,redeem,racheter,e02c,
,root,racine,e15c,
,Raamah,Raema,eebb,Gen 10:7
,Rahab,Rahab,ea55,Josh 2:1
,reason,raison,e066,
,Ram,Ram,ea50,Ruth 4:19
,Ramah,Rama,ea42,Josh 18:25
,Ramoth_Gilead,Ramoth_en_Galaad,e473,1 Kgs 4:13
,Rameses,Ramsès,efb4,Gen 47:11
,Raphu,Raphu,e2e9,Num 13:9
,fast_speed,rapide_vitesse,e21a,
,report,rapport,e22d,
,shave,raser,eb27,
,gathered_people,rassemblé_des_gens,e126,
,Reba,Réba,e3c4,Num 31:8
,Rebekah,Rebecca,ebd4,Gen 22:23
,rebellion,rébellion,e193,
,census,recensement,e0b8,
,receive,recevoir,e1a3,
,reward,récompense,e02d,
,reconcile,réconcilier,e026,
,comfort,réconforter,ea3b,
,grateful,reconnaissant,e20e,
,Rhegium,Reggio,ec1d,Acts 28:13
,wilderness,région_sauvage,e156,
,Rehob,Rehob,e2ea,Num 13:21
,Rehoboth,Rehobot,eebc,Gen 26:22
,Reu,Rehu,ec74,Gen 11:18
,queen,reine,eb15,1  Kgs 10:1
,reject,rejeter,e193,
,Rekem_man,Rékem_homme,e3c3,Num 31:8
,Rekem_city,Rékem_ville,e418,Josh 18:27
,religion,religion,ec33,
,fill,remplir,e278,
,fox,renard,ea8a,
,fix,réparer,e09d,
,meal,repas,e053,
,repentance,repentir,e320,
,repeat,répéter,e049,
,Rephaim,Rephaïm,eebd,Josh 15:8
,Rephidim,Rephidim,e0dd,Exod 17:1
,rest,repos,e121,Matt 11:28
,rebuke,répremand,e060,
,Resen,Résen,eebe,Gen 10:12
,breathe,respirer,ecee,
,looks_like,ressemble,ebcd,
,resurrect,réssusciter,e329,
,remain,rester,e83b,
,stay,rester,e83b,
,result,résulter,e237,
,resurrection,résurrection,e329,
,flip,retourner,e31d,
,Reuel,Réuel,e1ce,Gen 36:4
,Reumah,Rèuma,efc4,Gen 22:24
,gathered,réuni,e108,
,dream,rêve,ea80,
,awake,réveiller,ec54,
,reveal,révéler,e162,Matt 11:27
,Rhesa,Rhèsa,ec75,Luke 3:27
,Rhoda,Rhode,eb92,Acts 12:13
,Rhodes,Rhodes,eb25,Acts 21:1
,Riblah,Ribla,e3ff,Num 34:11
,wealthy,riches ,e029,
,wealth,richesse,e029,
,curtain,rideau,e254,
,Rimmon_Perez,Rimmon_ Pérets,e400,Num 33:19
,Riphath,Riphat,eec1,Gen 10:3
,laugh,rire,e224,
,laughter,rire,e224,
,Rissah,Rissa,e401,Num 33:21
,stream,risseau,e30b,
,Rithmah,Rithma,e402,Num 33:18
,river,rivière,e30b,
,Rehoboam,Roboam,ea5a,1 Kgs 11:43
,rock,rocher,e26a,
,king,roi,e028,
,Rome,Rome,eb16,Acts 2:10
,Rosh,Rosch,e1d2,Gen 46:21
,reed,roseau,ea26,
,red,rouge,e287,
,road,route,e23c,
,kingdom,royaume,e02f,
,Reuben,Ruben,ecc0,Gen 29:32
,Rufus,Rufus,e36e,Mark 15:21
,chew_cud,rumine,e2da,Lev 11:3
,Ruth,Ruth,ea57,Ruth 1:4
,kneel,s’agenouiller,e138,
,sit,s’asseoir,e298,
,arise,s’élever,e322,
,humble,s’humilier,e19d,
,Seba_man,Saba_homme,eec5,Gen10:7 (man)
,Seba_land,Saba_région,e544,Isa 43:3
,Sabbath,Sabbat,e160,Exod 16:23
,sand,sable,ecfd,
,Sabtah,Sabta,eec2,Gen 10:7
,Sabteka,Sabteca,eec3,Gen 10:7
,bag,sac,e26f,
,sacrifice,sacrifice,e0b5,
,Sadducee,Sadducéens,ea03,Matt 3:7
,wise,sage,e064,
,wisdom,sagesse,e064,
,saint,saint,e130,
,holy,saint,e13c,
,Salamis,Salamine,ebe1,Acts 13:5
,Salekah,Salca,e445,Deut 3:10
,dirty,sale,e249,
,Salim,Salim,ebae,John 3:23
,Salmon,Salmon,ea53,Ruth 4:20
,Salmone,Salmone,ec15,Acts 27:7
,Salome,Salomé,e379,Mark 15:40
,Solomon,Salomon,ea32,2 Sam 5:14
,Salu,Salu,e403,Num 25:14
,salvation,salut,eb80,
,greeting,salutation,e051,
,Samaria,Samarie,ea83,1 Kgs 13:32
,Samaritan,Samaritain,ea7b,Luke 10:33
,Samlah,Samla,efb0,Gen36:36
,Samos,Samos,ec25,Acts 20:15
,Samothrace,Samothrace,eb4c,Acts 16:11
,Samson,Samson,ed06,Judg 13:24
,Shemuel,Samuel,e411,Num 34:20
,Samuel,Samuel,eb8e,1 Sam 1:20
,sanctuary,sanctuaire,eb01,
,blood,sang,e087,
,unleavened,sans levain,e043,
,health,santé,e209,
,Sapphira,Saphira,eb66,Acts 5:1
,Sarah,Sara,ebd5,Gen 17:15
,Sarai,Saraï,eec4,Gen 11:29
,Sardis,Sardes,ebf7,Rev 1:11
,Zarephath,Sarepta,ec7f,1 Kgs 17:9
,Sharon,Saron,ec2b,1 Chr 5:16
,Satan,Satan,e335,Job 1:6
,Shaul,Saul,e1d5,Gen 46:10
,Saul,Saül,eb54,1 Sam 9:2
,leap,saut,ed0a,
,jump,sauter,ed0a,
,wild,sauvage,e17e,
,save,sauver,e214,
,savior,sauveur,ec85,
,know,savoir,e062,
,Sheba_man,Scéba_homme,eec9,2 Sam 20:1
,seal,scellé,e221,Matt 27:66
,sealed,scellé,e221,
,scepter,sceptre,e404,
,Sceva,Scéva,eb19,Acts 19:14
,Shaashgaz,Schaaschgaz,e41d,Esth 2:14
,Shamir,Schamir,e47d,Josh 15:48
,Shammah,Schamma,efa0,Gen 36:13
,Shammua,Schammua,e2ec,Num 13:4
,Shaphat,Schaphath,e1e8,Num 13:5
,Shaveh_Kiriathaim,Schavé_Kirjathaïm,eec8,Gen 14:5
,Shealtiel,Schealthiel,ea68,Ezra 3:2
,Salathiel,Schealthiel,ec76,1 Chr 3:17
,Shedeur,Schedër,e2ed,Num 1:5
,Shelah,Schéla,ec7a,Gen 38:5
,Sheleph,Schéleph,eeca,Gen 10:26
,Shelomi,Schelomi,e405,Num 34:27
,Shelomith_woman,Schelomith_femme,e543,Lev 24:11 
,Shelomith_man,Schelomith_homme,e2f1,1 Chr 23:9 
,Shelumiel,Schelumiel,e2ee,Num 1:6
,Shemeber,Schémeéber,eecb,Gen 14:2
,Shemida,Schemida,e39f,Num 26:32
,Shepham,Schepham,e406,Num 34:10
,Shepho,Schepho,e1d6,Gen 36:23
,Sheshai,Schéschaï,e2d3,Num 13:22
,Shibah,Schiba,e1d7,Gen 26:33
,Shillem,Schillem,edd5,Gen46:24
,Shimei,Schimeï,e2cb,Num 3:18
,Shimron_man,Schimron_homme,efe7,Gen 46:13
,Shimron_village,Schimron_village,e446,Josh 11:1
,Shinab,Schineab,eecc,Gen 14:2
,Shinar,Schinear,eecd,Gen10:10
,Shiphrah,Schiphra,e0de,Exod 1:15
,Shiphtan,Schiptan,e407,Num 34:24
,Shobal,Schobal,e1d9,Gen 36:20
,Shua,Schua,e1e7,1 Chr 2:3
,Shuah,Schuach,eeee,Gen 25:2
,Shuham,Schucham,e3b7,Num 26:42
,Shuni,Schuni,e0e0,Gen 46:16
,Shephupham,Schupham,e3a0,Num 26:39
,Shur,Schur,e1da,Gen 16:7
,Shuthelah,Schutélach,e3b8,Num 26:35
,scorpion,scorpion,ec77,
,scribe,scribe,e12c,Acts 2:4
,Scythia,Scythe,eceb,Col 3:11
,repent,se_ repentir,e320,
,lie_down,se_coucher,e121,
,remember,se_souvenir,e0d8,
,quiet,se_taire,e185,Matt 20:31
,stand,se_tenir,e32c,
,Sheba_land,Séba_région,e425,2 Chr 9:12
,Sebam,Sebam,e49b,Num 32:3
,dry,sec,e188,
,Secundus,Second,eb1d,Acts 20:4
,shake,secouer,e27d,
,secret,secret,e186,
,sect,secte,ec33,Acts 28:22
,lord,seigneur,e028,
,Seir,Séir,eec6,Gen 14:6
,Sheol,séjour_ des_ morts,e0c9,2 Sam 22:6
,salt,sel,e046,
,Seleucia,Séleucie,eb42,Acts 13:4
,according_to,selon,e24d,
,Shem,Sem,ec7b,Gen 5:32
,week,semaine,ebb2,
,Semien,Sémeïn,ec9e,Luke 3:26
,sow,semer,e07d,
,sower,semeur,e133,
,path,sentier,e23c,
,separate,séparé,e326,
,Sephar,Sephar,eec7,Gen 10:30
,Zipporah,Séphora,e2ce,Exod 2:21
,seven,sept,e292,
,Serah,Sérach,e1d4,Gen 46:17
,Sered,Séred,edd1,Gen 46:14
,Sergius,Sergius,eb45,Acts 13:7
,snake,serpent,e30c,
,Serug,Serug,ec78,Gen11:20
,serve,servir,e08e,
,servant,serviteur,e12d,
,Seth,Seth,ec79,Gen 4:25
,Sethur,Sethur,e2eb,Num 13:13
,alone,seul,e223,
,only,seul,e223,
,harsh,sévère,eca7,
,sex,sexe,ea87,
,if,si,e111,
,Sibmah,Sibma,e3d2,Josh 13:19
,Shechem_man,Sichem_homme,ec97,Gen 34:20
,Shechem_city,Sichem_ville,ec95,Josh 21:21
,Siddim,Siddim,eece,Gen 14:3
,Sidon_man,Sidon_homme,eecf,Gen 10:15
,Sidon_city,Sidon_ville,e33c,Matt 11:21
,sign,signe,e0a9,
,Sihon,Sihon,e3b9,Num 21:21
,Silas,Silas,eb41,Acts 15:22
,silence,silence,e185,
,Shiloh,Silo,e1d8,Josh 18:1
,Siloam_city,Siloé_ville,ebb1,Luke 13:4
,Silvanus,Silvain,eca9,2 Cor 1:19
,Simeon,Siméon,ea47,Gen 29:33
,Simon,Simon,ea47,John 13:26
,Simon_of_Cyrene,Simon_ de_Cyrène,e37c,Mark 15:21
,Simon_Jesus_Brother,Simon_Jésus_frère,ea92,Matt 13:55
,Simon_the_Canaanite,Simon_le_Cananéen,e364,Matt 10:4
,Simon_the_Leper,Simon_le_lépreux,e0f8,Mark 14:3
,Simon_Peter,Simon_Pierre,e356,Matt 4:18
,Sin,Sin,e0ea,Ezek 30:15
,Sinites,Siniens,eed1,Gen 10:17
,Sithri,Sithri,e2e5,Exod 6:22
,Sitna,Sitna,eed2,Gen 26:21
,Shittim,Sittim,e408,Num 25:1
,six,six,e291,
,Smyrna,Smyrne,ebf5,Rev 1:11
,Sodi,Sodi,e2d4,Num 13:10
,Sodom,Sodome,ea8e,Gen 10:19
,sister,soeur,e00e,
,sisters,soeurs,e00f,
,self,soi-même,ea95,
,thirst,soif,eccf,
,evening,soir,e273,
,ground,sol,e153,
,soldier,soldat,e12f,
,sun,soleil,e15f,
,dark,sombre,ea17,
,sound,son,ebe9,
,bell,sonnette,e0be,
,Sopater,Sopater,ec20,Acts 20:4
,sorcery,sorcerie,ec8c,
,lot,sort,ea16,
,come_out,sortir,e243,
,Sosipater,Sosipater,ec20,Rom 16:21
,Sosthenes,Sosthéne,eb3c,Acts 18:17
,breath,souffle,ecee,
,suffering,souffrance,e222,
,suffer,souffrir,e222,
,hope,souhait,e213,
,lift,soulever,e081,
,sigh,soupir,e047,
,mute,sourd,e050,
,deaf,sourd,e191,
,under,sous,e10a,
,Stachys,Stachys,ebd7,Rom 16:9
,Stephanas,Stéphanas,ebea,1 Cor 1:16
,Stoic,Stoïciens,ec06,Acts 17:18
,stomach,stomach,e0c8,
,stop,stop,e073,
,storehouse,storehouse,ec43,
,storm,storm,e27c,
,story,story,e22d,
,Succoth_land,Succoth_région,e2e7,Gen 33:17
,Succoth_city,Succoth_ville,e0a0,Josh 13:27
,south,sud,ea31,
,follow,suivre,e13e,
,Suphah,Supha,e3d5,Num 21:14
,beg,supplier,e21e,
,bear_with,supporter,e227,
,over,sur,e110,
,on,sur,e113,
,Susanna,Susanne,ec7c,Luke 8:3
,Susa,Suse,e4a5,Ezra 4:9
,synagogue,synagogue,e0b9,
,Syntyche,Syntyche,ece6,Phil 4:2
,Syracuse,Syracuse,ec1c,Acts 28:12
,Syria,Syrie,e342,Matt 4:24
,Taanach,Taanac,e447,Josh 12:21
,Taberah,Tabeéra,e2d5,Num 11:3
,tabernacle,tabernacle,eb32,Exod 25:9
,table,table,e280,
,spot,tache,ed01,
,Tahash,Tahasch,e1db,Gen 22:24
,Tahath,Tahath,e409,Num 33:26
,waist,taille,e391,
,Talmai,Talmaï,e2d6,Num 13:22
,Tamar,Tamar,ea4e,Gen 38:6
,drum,tambour,ebe3,
,tambourine,tambourin,e413,
,Tappuah,Tappuach,e448,Josh 12:17
,Terah_land,Tarach_ région,e40a,Num 33:28
,late,tard,e225,
,Tarsus,Tarse,ec30,Acts 9:11
,Tarshish_man,Tarsis_homme,eed3,Gen 10:4
,Tarshish_village,Tarsis_village,eed4,Ps 48:7
,Tekoa_village,Tekoa,e45d,2 Sam 14:2
,Tekoa_man,Tekoa_homme,e1ff,1Cron 2:24
,Tema_man,Téma_homme,eeed,Gen 25:15 
,witness,témoin,e22e,
,temple,temple,e03d,
,time,temps,e16a,
,temptation,tentation,e183,
,tent,tente,eb32,
,tempt,tenter,e183,
,Terah_man,Térach_homme,ec7d,Gen 11:24
,ground_soil,terraine,e15b,
,earth,terre,e153,
,land,terre,e153,
,soil,terre,e15b,
,Tertius,Tertius,ebee,Rom 16:22
,Tertullus,Tertulle,eb9b,Acts 24:1
,test,test,ec21,
,head,tête,e206,
,Tahan,Thachan,e476,Num 26:35
,Thaddaeus,Thaddée,e37b,Matt 10:3
,Tebah,Thébach,e0b0,Gen 22:24
,Tema_land,Théma_région,,Isa 21:14
,Teman_man,Théman_homme,ef90,Gen 36:11
,Teman_land,Théman_région,e1e1,Jer 49:20
,Theophilus,Théophile,eb67,Luke 1:3
,Teresh,Théresch,e4a6,Esth 2:21
,Thessalonica,Thessalonique,eb12,Acts 17:1
,Theudas,Theudas,eb71,Acts 5:36
,Timna_woman,Thimna_femme,ef80,Gen 36:12
,Timna_man,Thimna_homme,e0ad,Gen 36:22
,Timnah,Thimna_région,e1dc,Josh 15:10
,Thomas,Thomas,e363,Matt 10:3
,Thummim,Thummim,e0eb,Exod 28:30
,Thyatira,Thyatyre,eb52,Acts 16:14
,Tiberius_man,Tibère_homme,ec3d,Luke 3:1
,Tiberias_city,Tibériade_ville,ebb0,John 6:23
,Tidal,Tideal,eed5,Gen 14:1
,stem,tige,ea01,
,Timaeus,Timée,e36c,Mark 10:46
,Timon,Timon,ec96,Acts 6:5
,Timothy,Timothée,ec02,1 Tim 1:2
,lots,tirant_au_sort,ea16,Luke 23:34
,Tiras,Tiras,eed7,Gen 10:2
,Tirzah_woman,Tirtsa_femme,e3ba,Num 26:33
,Tirzah_village,Tirtsa_village,e449,Josh 12:24
,Titus,Tite,eb38,Titus 1:4
,Togarmah,Togarma ,eed8,Gen 10:3
,Tola,Tola,e0c0,Gen 46:13
,grave,tombe,e178,
,tomb,tombeau,e178,
,fall,tomber,e218,
,thunder,tonnerre,e044,
,Tophel,Tophel,e487,Deut 1:1
,crooked,tordu,eb39,
,Kidron_Valley,Torrent_de_Cédron,eba6,John 18:1
,Kanah_brook,Torrent_de_Kana,e46d,Josh 16:8
,touch,toucher,e10c,
,always,toujours,e252,
,watchtower,tour_de_guet,e23a,
,turn,tourner,e31e,
,all,tout,e251,
,straight,tout droit,e313,
,everything,toute_chose,e114,
,Trachonitis,Trachonite,ec3f,Luke 3:1
,betray,trahir,e195,
,betrayal,trahison,e195,
,transfiguration,transfiguration,e31f,
,transfigure,transfigurer,e31f,
,work,travail,e08c,
,stumble,trébucher,e257,
,earthquake,tremblement_de_terre,e159,
,very,très,e211,
,tribe,tribu,ea81,
,tribulation,tribulation,e03e,
,triumph,triomphe,eb14,
,sad,triste,e207,
,Troas,Troas,ec0b,Acts 16:8
,three,trois,e28e,
,deceive,tromper,e17f,
,deception,tromperie,e17f,
,trumpet,trompette,ea79,
,deceiver,trompeur,e152,
,throne,trône,ec84,
,Trophimus,Trophime,eb1e,Acts 20:4
,find,trouver,e101,
,hole,trouver,e302,
,Tryphaena,Tryphène,ebd8,Rom 16:12
,Tryphosa,Tryphose,ebd9,Rom 16:12
,Zadok,Tsadok,ea6d,2 Sam 15:24
,Zalmonah,Tsalmona,e40c,Num 33:41
,Zeboyim,Tseboïm,eef3,1 Sam 13:18
,Zedad,Tsedad,e40d,Num 34:8
,Zelophehad,Tselophchad,e3bc,Num 26:33
,Zemarites,Tsemariens,eef4,Gen 10:18
,Zepho,Tsepho,e1de,Gen 36:11
,Zephon,Tsephon,e0d0,Num 26:15
,Zibeon,Tsibeon,ef60,Gen 36:20
,Zillah,Tsilla,eef5,Gen 4:19
,Zin,Tsin,e1f2,Num 13:21
,Zippor,Tsippor,e2fd,Num 22:2
,Zoan,Tsoan,e1f3,Num 13:22
,Zoar,Tsoar,eef6,Gen 13:10
,Zohar,Tsochar,efa7,Gen 23:8
,Zophim,Tsophim,e3be,Num 23:14
,Zuar,Tsuar,e1f4,Num 1:8
,Zur,Tsur,e410,Num 25:15
,Zuriel,Tsuriel,e1f5,Num 3:35
,Zurishaddai,Tsurischaddaï,e1f6,Num 1:6
,Tubal,Tubal,eed9,Gen 10:2
,Tubal_Cain,Tubal_Cain,eeef,Gen 4:22
,kill,tuer,e141,
,Tychicus,Tychique,ecbb,Acts 20:4
,type,type,ed00,
,Tyre,Tyr ,e33b,Josh 19:29
,Tyrannus,Tyrannus,eb3f,Acts 19:9
,one,un,e28c,
,unity,unité,e297,
,Ur,Ur,efa5,Gen 11:28
,Urbanus,Urbain,ebda,Rom 16:9
,Uri,Uri,e2e8,Exod 31:2
,Uriah,Urie,ea46,2 Sam 11:3
,Urim,Urim,e2cc,Exod  28:30
,useful,utile,e08d,
,use,utiliser,e08d,
,Uz_man,Uts_homme,eef1,Gen 10:23
,Uz_land,Uts_région,e1dd,Job 1:1
,Uzal,Uzal,eef2,Gen 10:27
,Uzziel,Uziel,e2f2,Exod 6:18
,cow,vache,eb36,
,wave,vague,e328,
,Waheb,Vaheb,e3bb,Num 21:14
,value,valeur,e09b,
,valley,vallée,eba7,
,Valley_of_Eskol,Vallée_d’Eschcol,e2d7,Num 13:23
,winnowing_fork,van_à_la_main,ec41,Matt 3:12
,Vashti,Vasthi,e4a7,Esth 1:9
,vendor,vendeur,e0b4,
,sell,vendre,e32b,
,revenge,vengeance,ed0c,Rom 12:19
,vengeance,vengeance,ed0c,
,avenge,venger,ed0c,
,come,venir,e25a,
,wind,vent,e220,
,worm,ver_de_terre,ea06,
,truth,vérité,e09c,
,glass,verre,ecde,
,pour,verser,e0d6,
,green,vert,ecd1,
,clothing,vêtement,e253,
,widow,veuve,e016,
,victory,victoire,eb14,
,empty,vide,e277,
,life,vie,e09f,
,virgin,vierge,ea7e,
,old,vieux,e189,
,vine,vigne,ec91,
,vineyard,vigneron,e27f,
,village,village,e19a,
,wine,vin,e275,
,face,visage,e203,
,vision,vision,ea80,
,visit,visite,e25a,
,alive,vivant,e09f,
,live,vivant,e09f,
,see,voir,e238,
,neighbor,voisin,e173,
,voice,voix,e042,
,steal,voler,e07b,
,fly,voler,e25b,
,robber,voleur,e0e9,
,thief,voleur,e0e9,
,will,volonté,e020,
,Vophsi,Vophsi,e40b,Num 13:14
,want,vouloir,e020,
,you,vous,e314,
,journey,voyage,e381,
,trip,voyage,e381,
,travel,voyager,e381,
,true,vrai,e09c,
,Yahweh,Yahvé,e0c7,Exod 6:3
,Jobab,Yobab,edf6,Gen 10:29
,Zaavan,Zaavan,ef70,Gen 36:27
,Zebulun,Zabulon,ea3f,Gen 30:20
,Zaccur,Zaccur,e1f1,Num 13:4
,Zechariah,Zacharie,ea98,Zech 1:1
,Zacchaeus,Zachée,ec7e,Luke 19:2
,Zebedee,Zébédée,e359,Matt 4:21
,Zenas,Zénas,ed09,Titus 3:13
,Zerah,Zérach,ea4d,Gen 36:13
,Zered,Zéred,e3bd,Deut 2:13
,Zeresh,Zéresch,e4a8,Esth 5:10
,zero,zéro,e28b,
,Zeus,Zeus,eb2d,Acts 14:12
,Zichri,Zikri,e2cd,Exodus 6:21
,Zilpah,Zilpa,efa6,Gen 29:24
,Zimran,Zimran,e1df,Gen 25:2
,Zimri,Zimri,e40e,Num 25:14
,Ziphron,Ziphron,e40f,Num 34:9
,Zerubbabel,Zorobabel,ea69,Ezra 2:2
,Zuzites,Zuzim,eef7,Gen 14:5
,manage,,e137,
,?,,e316,
,.,,e37e,
,*,,e390,
