,man,e000,
,boy,e001,
,boys,e002,
,father,e003,
,son,e004,
,sons,e005,
,brother,e006,
,brothers,e007,
,woman,e008,
,girl,e009,
,girls,e00a,
,mother,e00b,
,daughter,e00c,
,daughters,e00d,
,sister,e00e,
,sisters,e00f,
,marriage,e010,
,wedding,e011,
,husband,e012,
,groom,e013,
,wife,e014,
,bride,e015,
,widow,e016,
,inheritance,e017,
,heir,e018,
,generation,e019,
,compassion,e01a,
,love,e01a,
,enmity,e01b,
,hate,e01b,
,kind_nice,e01c,
,kindness,e01c,
,mercy,e01d,
,hungry,e01e,
,grace,e01f,
,desire,e020,
,like,e020,
,want,e020,
,will,e020,
,choose,e021,
,covet,e022,
,envy,e022,
,trust,e023,
,friend,e024,
,enemy,e025,
,reconcile,e026,
,adultery,e027,
,king,e028,
,lord,e028,
,master,e028,
,ruler,e028,Matt  9:18
,money,e029,
,wealth,e029,
,wealthy,e029,
,wrath_of_God,e02a,
,tax,e02b,
,redeem,e02c,
,redemption,e02c,Luke 2:38
,reward,e02d,
,market_place,e02e,
,kingdom,e02f,
,oil,e030,
,honor,e031,
,dominion,e032,
,anointed,e033,
,authority,e034,
,profit,e035,
,God,e036,Gen 1:1
,Jesus,e037,Matt 1:1
,cross,e038,
,mustard,e039,
,offering,e03a,
,priest,e03b,
,crucify,e03c,
,temple,e03d,
,persecute,e03e,
,persecution,e03e,
,tribulation,e03e,
,confession,e03f,
,mouth,e03f,
,said,e03f,
,speak,e03f,
,beckon,e040,Luke 5:7
,call,e040,
,appointed,e041,
,voice,e042,
,unleavened,e043,
,thunder,e044,
,tongue,e045,
,salt,e046,
,sigh,e047,
,spit,e048,
,continue,e049,
,repeat,e049,
,times,e049,
,allow,e04a,
,permission,e04a,
,permit,e04a,
,dignify,e04b,
,exalt,e04b,
,praise,e04b,
,worship,e04b,
,teach,e04c,
,teaching,e04c,
,preach,e04d,
,preaching,e04d,
,obedience,e04e,
,obey,e04e,
,name,e04f,
,mute,e050,
,greeting,e051,
,honey,e052,
,eat,e053,
,food,e053,
,meal,e053,
,feast,e054,
,accuse,e055,
,criticize,e055,
,revile,e055,1 Cor 4:12
,afraid,e056,
,fear,e056,
,worry,e056,
,argument,e057,
,command,e058,
,insist,e058,
,explain,e059,
,explanation,e059,
,curse,e05a,
,blaspheme,e05b,
,blasphemy,e05b,
,insult,e05b,
,bless,e05c,
,blessing,e05c,
,bread,e05d,
,loaf,e05d,
,pray,e05e,
,prayer,e05e,
,ashamed,e05f,
,rebuke,e060,
,ask,e061,
,questioned,e061,
,know,e062,
,knowledge,e062,
,understand,e063,
,understanding,e063,
,wisdom,e064,
,wise,e064,
,humiliate,e065,
,shame,e065,
,because,e066,
,purpose,e066,Rom 8:28
,reason,e066,
,therefore,e066,
,why,e067,
,how,e068,
,stranger,e069,
,perceive,e06a,
,plan,e06b,
,mind,e06c,
,think,e06c,
,think_opinion,e06c,
,think_wonder,e06c,
,thought,e06c,
,lunatic,e06d,
,ignorance,e06e,
,ignorant,e06e,
,believe,e06f,
,faith,e06f,
,assurance,e070,
,confidence,e070,
,hand,e071,
,gift,e072,
,stop,e073,
,search,e074,
,send,e075,
,create,e076,
,make,e076,
,sew,e077,
,needle,e078,
,shade,e079,
,share,e07a,
,steal,e07b,
,stewardship,e07c,
,sow,e07d,
,to_plant,e07d,
,put,e07e,
,put_verb,e07e,Gen 3:15
,have_to,e07f,
,need,e07f,
,go_down,e080,
,lower_verb,e080,
,lift,e081,
,harvest,e082,
,have,e083,
,heal,e084,
,hide,e085,
,for,e086,
,give,e086,
,blood,e087,
,bring,e088,
,carry,e088,
,take,e088,
,lost,e089,
,strong,e08a,
,wash,e08b,
,do,e08c,
,work,e08c,
,use,e08d,
,useful,e08d,
,serve,e08e,
,lawlessness,e08f,
,sin,e08f,
,sinful,e08f,
,unrighteous,e08f,Matt 5:45
,unrighteousness,e08f,
,righteous,e090,
,righteousness,e090,Matt 5:20
,prepare,e091,
,easy,e092,
,difficult,e093,
,pretend,e094,
,miracle,e095,
,good,e096,
,fragrant,e097,
,perfume,e097,
,possible,e098,
,keep,e099,
,correct,e09a,
,yes,e09a,
,value,e09b,
,worth,e09b,
,worthy,e09b,
,true,e09c,
,truth,e09c,
,fix,e09d,
,better,e09e,
,alive,e09f,
,life,e09f,
,live,e09f,
,Succoth_city,e0a0,Josh 13:27
,building,e0a1,
,country,e0a2,
,nation,e0a2,
,governor,e0a3,
,proconsul,e0a3,Acts 13:12
,abomination,e0a4,
,pregnant,e0a5,
,baby,e0a6,
,angel,e0a7,
,watchman,e0a8,
,sign,e0a9,
,Abimelech,e0ab,Gen 26:1
,Oholibamah_man,e0ac,Gen 36:41
,Timna_man,e0ad,Gen 36:22
,Tebah,e0b0,Gen 22:24
,teeth,e0b1,
,bone,e0b2,
,leaf,e0b3,
,vendor,e0b4,
,sacrifice,e0b5,
,pigeon,e0b6,
,number,e0b7,
,census,e0b8,
,synagogue,e0b9,
,Anah,e0ba,Gen 36:2
,Ahisamak,e0bb,Exod 31:6
,Asherah,e0bc,Exod 34:13
,Baal_Zephon,e0bd,Exod 14:2
,bell,e0be,
,Bezalel,e0bf,Exod 31:2
,Tola,e0c0,Gen 46:13
,guard,e0c1,
,light,e0c2,
,star,e0c3,
,summer,e0c4,
,Jonah,e0c5,Jonah 1:1
,Nineveh,e0c6,Gen 10:12
,Yahweh,e0c7,Exod 6:3
,stomach,e0c8,
,Sheol,e0c9,2 Sam 22:6
,Elim,e0ca,Exod 15:27
,Gershom,e0cb,Exod 2:22
,Jethro,e0cc,Exod 18:1
,Marah,e0cd,Exod 15:23
,Migdol,e0ce,Exod 14:2
,Oholiab,e0cf,Exod 31:6
,Zephon,e0d0,Num 26:15
,hell,e0d1,Deut 32:22
,fulfill,e0d2,
,neck,e0d3,
,alabaster,e0d4,
,jar,e0d5,
,pour,e0d6,
,bury,e0d7,
,remember,e0d8,
,level,e0d9,
,stair,e0d9,
,Pi_Hahiroth,e0da,Exod 14:2
,Pithom,e0db,Exod 1:11
,Puah_woman,e0dc,Exod 1:15
,Rephidim,e0dd,Exod 17:1
,Shiphrah,e0de,Exod 1:15
,Shuni,e0e0,Gen 46:16
,break,e0e1,
,Psalm,e0e2,1 Chr 16:7
,sing,e0e2,
,song,e0e2,
,hymn,e0e3,Matt 26:30
,beat,e0e4,
,hit,e0e4,
,deny,e0e5,
,weigh,e0e6,
,weight,e0e6,
,heavy,e0e7,
,kiss,e0e8,
,robber,e0e9,
,thief,e0e9,
,Sin,e0ea,Ezek 30:15
,Thummim,e0eb,Exod 28:30
,Akbor,e0ed,Gen 36:38
,Iob,e0ee,Gen 46:13
,Ashur_land,e0ef,Josh 17:7
,young,e0f1,
,cold,e0f2,
,right,e0f3,
,left,e0f4,
,deserve,e0f5,
,earn,e0f5,
,courtyard,e0f6,
,council,e0f7,
,Simon_the_Leper,e0f8,Mark 14:3
,Jew,e0f9,Esth 2:5
,Jewish,e0f9,Titus 1:14
,Aran,e0fa,Gen 36:28
,Abimael,e0fb,Gen 10:28
,Aiah,e0fd,Gen 36:24
,Adbeel,e0fe,Gen 25:13
,Ard,e0ff,Gen 46:21
,amen,e100,
,find,e101,
,animal,e102,
,beast,e103,
,dog,e104,
,thing,e105,
,or,e106,
,before,e107,
,gathered,e108,
,gathered_things,e108,
,together_things,e108,
,what,e109,
,under,e10a,
,pass,e10b,
,through,e10b,
,touch,e10c,
,side,e10d,
,slave,e10e,
,soul,e10f,
,above,e110,
,over,e110,
,if,e111,
,in_front,e112,
,on,e113,
,on_top_of,e113,
,everything,e114,
,catch,e115,
,behind,e116,
,beside,e117,
,between,e118,
,bottom,e119,
,but,e11a,
,about,e11b,
,and,e11c,
,after,e11d,
,away,e11e,
,person,e11f,
,big,e120,
,lie_down,e121,
,rest,e121,Matt 11:28
,sleep,e121,
,bed,e122,
,mattress,e122,
,peace,e123,
,ability,e124,
,can,e124,Gen 4:13
,power,e124,
,them,e125,
,they,e125,
,gathered_people,e126,
,together_people,e126,
,people,e127,
,crowd,e128,
,multitude,e128,
,world,e129,
,tax_collector,e12a,
,teacher,e12b,
,author,e12c,
,scribe,e12c,Acts 2:4
,writer,e12c,
,deacon,e12d,
,servant,e12d,
,shoe,e12e,
,soldier,e12f,
,godly,e130,
,righteous_person,e130,Matt 13:43
,saint,e130,
,paralyze,e131,
,shoulder,e132,
,farmer,e133,
,sower,e133,
,preacher,e134,
,prophet,e135,
,messenger,e136,
,lead,e137,
,leader,e137,
,manage,e137,
,kneel,e138,
,harvester,e139,
,help,e13a,
,hire,e13b,
,holy,e13c,
,foot,e13d,
,follow,e13e,
,evangelist,e13f,
,everyone,e140,
,destroy,e141,
,destruction,e141,
,kill,e141,
,disciple,e142,
,body,e143,
,doctor,e144,
,healer,e144,
,prisoner,e145,
,crush,e146,
,clothe,e147,
,to_clothe,e147,
,army,e148,
,cohort,e148,
,shout,e149,
,amazed,e14a,
,amazing,e14a,Esth 1:1
,great,e14a,
,boast,e14b,
,pride,e14b,
,proud,e14b,
,staff,e14c,
,ocean,e14d,
,sea,e14d,
,arm,e14e,
,carpenter,e14f,
,attendant,e150,
,helper,e150,
,sinner,e151,
,deceiver,e152,
,hypocrite,e152,
,earth,e153,
,ground,e153,
,land,e153,
,space,e153,
,grow,e154,
,growth,e154,
,ripen,e154,
,everywhere,e155,
,desert,e156,
,wilderness,e156,
,countrymen,e157,
,foreigner,e158,
,gentile,e158,Matt 4:15
,sojourner,e158,
,earthquake,e159,
,where,e15a,
,dirt,e15b,
,ground_soil,e15b,
,soil,e15b,
,root,e15c,
,dust,e15d,
,year,e15e,
,day,e15f,
,sun,e15f,
,Sabbath,e160,Exod 16:23
,sundown,e161,
,appear,e162,
,reveal,e162,Matt 11:27
,show,e162,
,morning,e163,
,lamp,e164,
,denarius,e165,Matt 22:19
,I,e166,
,me,e166,
,us,e167,
,we,e167,
,Arodi,e168,Gen 46:16
,Baal_Hanan,e169,Gen 36:38
,time,e16a,
,when,e16a,
,winter,e16b,
,until,e16c,
,past,e16d,
,future,e16e,
,longsuffering,e16f,
,patience,e16f,
,patient,e16f,
,endure,e170,
,house,e171,
,prison,e172,
,neighbor,e173,
,member,e174,
,lease,e175,
,family,e176,
,relative,e176,
,adopt,e177,
,adoption,e177,
,grave,e178,
,tomb,e178,
,foundation,e179,
,build,e17a,
,abide,e17b,
,dwell,e17b,
,no,e17c,
,not,e17c,
,bad,e17d,
,wild,e17e,
,deceive,e17f,
,deception,e17f,
,false,e17f,
,lead_astray,e17f,
,lie,e17f,Acts 5:4
,impossible,e180,
,dead,e181,
,death,e181,
,die,e181,
,worse,e182,
,tempt,e183,
,temptation,e183,
,other,e184,
,that,e184,
,quiet,e185,Matt 20:31
,silence,e185,
,secret,e186,
,whisper,e186,
,spirit,e187,
,dry,e188,
,old,e189,
,open,e18a,
,mystery,e18b,
,immeasurable,e18c,
,famine,e18d,
,fast_no_eat,e18e,
,forgive,e18f,
,forgiveness,e18f,
,futile,e190,
,useless,e190,
,deaf,e191,
,blind,e192,
,disobedience,e193,
,disobey,e193,
,rebellion,e193,
,reject,e193,
,doubt,e194,
,unbelief,e194,
,betray,e195,
,betrayal,e195,
,brave,e196,
,courage,e196,
,far,e197,
,many,e198,
,much,e198,
,more,e199,
,village,e19a,
,few,e19b,
,small,e19b,
,slow,e19c,
,humble,e19d,
,humility,e19d,
,careful,e19e,
,warn,e19e,
,basket,e19f,
,Bethuel_man,e1a0,Gen 22:22
,who,e1a1,
,judge,e1a2,
,judgment,e1a2,
,gain,e1a3,
,receive,e1a3,
,Ben_oni,e1a4,Gen 35:18
,Buz,e1a5,Gen 22:21
,Edom_man,e1a6,Gen 25:30
,Edom_land,e1a7,Gen 32:3
,Elah,e1a9,Gen  36:41
,Ezbon,e1aa,Gen 46:16
,Ezer,e1ab,Gen 36:21
,Diklah,e1ac,Gen  10:27
,Ephah,e1ad,Gen 25:4
,Eri,e1ae,Gen 46:16
,Hadar,e1af,Gen 36:39
,Hazo,e1b0,Gen 22:22
,Heber,e1b1,Gen 46:17
,Heman,e1b2,1 Kgs 4:31
,Hirah,e1b3,Gen 38:1
,Husham,e1b4,Gen 36:34
,Ishmael,e1b5,Gen 17:18
,Ithran,e1b6,Gen 36:26
,Jabal,e1b7,Gen 4:20
,Jahziel,e1b8,Gen 46:24
,Jakin,e1b9,Gen 46:10
,Javan,e1ba,Gen 10:2
,Jeush,e1bb,Gen 36:5
,Jezer,e1bc,Gen 46:24
,Joktan,e1bd,Gen 10:25
,Kezib,e1bf,Gen 38:5
,Lasha,e1c0,Gen 10:19
,Lehabites,e1c1,Gen 10:13
,Lud,e1c2,Gen 10:22
,Manahath,e1c3,Gen 36:23
,Mattithiah,e1c4,Ezra 10:43
,Mibzar,e1c5,Gen 36:42
,Mishma,e1c6,Gen 25:14
,Mizzah,e1c7,Gen 36:13
,Nahath,e1c8,Gen 36:13
,Tohu,e1c8,1 Sam 1:1
,Omar,e1c9,Gen 36:11
,Onam,e1ca,Gen 36:23
,Onan,e1cb,Gen 38:8
,Pallu,e1cc,Exod 6:14
,Potiphera,e1cd,Gen 41:45
,Reuel,e1ce,Gen 36:4
,Amittai,e1cf,Jonah 1:1
,punish,e1d0,
,punishment,e1d0,
,Abram,e1d1,Gen 12:1
,Rosh,e1d2,Gen 46:21
,Puah_man,e1d3,Judg 10:1
,Serah,e1d4,Gen 46:17
,Shaul,e1d5,Gen 46:10
,Shepho,e1d6,Gen 36:23
,Shibah,e1d7,Gen 26:33
,Shiloh,e1d8,Josh 18:1
,Shobal,e1d9,Gen 36:20
,Shur,e1da,Gen 16:7
,Tahash,e1db,Gen 22:24
,Timnah,e1dc,Josh 15:10
,Uz_land,e1dd,Job 1:1
,Zepho,e1de,Gen 36:11
,Zimran,e1df,Gen 25:2
,Bethuel_city,e1e0,I Chr 4:30
,Teman_land,e1e1,Jer 49:20
,Cush_land,e1e2,Isa 11:11
,Eldaah,e1e3,Gen 25:4
,El_Elohe,e1e4,Gen 33:20
,Jebusites,e1e5,Gen 10:16
,Jegar_Sahadutha,e1e6,Gen 31:47
,Shua,e1e7,1 Chr 2:3
,Shaphat,e1e8,Num 13:5
,Eden_man,e1e9,2 Chr 29:12
,Ludites,e1ea,Gen 10:13
,Midian_man,e1eb,Gen 25:2
,Dishan,e1ec,Gen 36:21
,Bela_man,e1ed,Gen 14:2
,Bedad,e1ee,Gen 36:35
,Asshurites,e1ef,Gen 25:3
,Palti,e1f0,Num 13:9
,Zaccur,e1f1,Num 13:4
,Zin,e1f2,Num 13:21
,Zoan,e1f3,Num 13:22
,Zuar,e1f4,Num 1:8
,Zuriel,e1f5,Num 3:35
,Zurishaddai,e1f6,Num 1:6
,Abidan,e1f7,Num 1:11
,Abihail,e1f8,Num 3:35
,Elizur,e1fa,Num 1:5
,Geuel,e1fb,Num 13:15
,Helon,e1fc,Num 1:9
,Hobab,e1fd,Num 10:29
,Igal,e1fe,Num 13:7
,Tekoa_man,e1ff,1Cron 2:24
,child,e200,
,children,e201,
,hill,e202,
,face,e203,
,anger,e204,
,angry,e204,
,happy,e205,
,joy,e205,
,head,e206,
,grieve,e207,
,sad,e207,
,hair,e208,
,health,e209,
,healthy,e209,
,disease,e20a,
,sick,e20a,
,festival,e20b,
,party,e20b,
,cry,e20c,
,Passover,e20d,Exod 12:11
,grateful,e20e,
,gratitude,e20e,
,thank,e20e,
,skull,e20f,
,bow,e210,
,very,e211,
,here,e212,
,hope,e213,
,rescue,e214,Acts 12:11
,save,e214,
,immediately,e215,
,now,e215,
,hosanna,e216,
,glorify,e217,
,glory,e217,
,fall,e218,
,faithful,e219,
,faithfulness,e219,
,fast_speed,e21a,
,bright,e21b,
,cornerstone,e21c,
,covenant,e21d,
,beg,e21e,
,best,e21f,
,wind,e220,
,seal,e221,Matt 27:66
,sealed,e221,
,suffer,e222,
,suffering,e222,
,alone,e223,
,only,e223,
,laugh,e224,
,laughter,e224,
,late,e225,
,later,e225,
,this,e226,
,bear_with,e227,
,press,e228,Luke 8:45
,most,e229,
,book,e22a,
,learn,e22a,
,read,e22a,
,good_news,e22b,
,gospel,e22b,
,Bible,e22c,
,Scripture,e22c,Mark 12:10
,Word_of_God,e22c,Rev 19:13
,message,e22d,
,news,e22d,
,parable,e22d,
,report,e22d,
,story,e22d,
,testimony,e22e,
,witness,e22e,
,commandment,e22f,
,law,e22f,
,lawful,e22f,
,chapter,e230,
,beginning,e231,
,start,e231,
,end,e232,
,finish,e232,
,first,e233,
,last,e234,
,birth,e235,
,born,e235,
,mature,e236,
,ripe,e236,
,result,e237,
,eye,e238,
,see,e238,
,lust,e239,
,sensuality,e239,Jas 3:15
,sexual_desire,e239,1 Cor 7:9
,watchtower,e23a,
,prophesy,e23b,
,path,e23c,
,road,e23c,
,way,e23c,
,human_nature,e23d,Rom 6:19
,door,e23e,
,closed,e23f,
,in,e240,
,inside,e240,
,out,e241,
,outside,e241,
,enter,e242,
,come_out,e243,
,depart,e243,
,leave,e243,
,plant,e244,
,tree,e244,
,wood,e244,
,myrrh,e245,
,branch,e246,
,water,e247,
,wet,e247,
,clean,e248,
,pure,e248,Matt 5:8
,dirty,e249,
,impure,e249,
,baptism,e24a,
,baptize,e24a,
,equal,e24b,
,same,e24b,Matt 26:44
,with,e24c,
,according_to,e24d,
,cut,e24e,
,knife,e24e,
,hurt,e24f,
,pain,e24f,
,circumcise,e250,
,circumcision,e250,
,all,e251,
,whole,e251,
,always,e252,
,eternal,e252,
,eternity,e252,
,clothing,e253,
,fabric,e253,
,curtain,e254,
,leather,e255,
,walk,e256,
,stumble,e257,
,run,e258,
,dance,e259,
,come,e25a,
,visit,e25a,
,fly,e25b,
,bird,e25c,
,rooster,e25d,
,dove,e25e,
,arrest,e25f,
,bound,e25f,
,chain,e25f,
,imprisoned,e25f,
,free,e260,
,freedom,e260,
,discourage,e261,
,encourage,e262,
,fish,e263,
,fisherman,e264,
,boat,e265,
,stern,e266,
,sail,e267,
,soft,e268,
,hard,e269,
,rock,e26a,
,flesh,e26b,
,cushion,e26c,
,pillow,e26c,
,gentle,e26d,
,gentleness,e26d,
,cloud,e26e,
,bag,e26f,
,sheep,e270,
,shepherd,e271,
,moon,e272,
,night,e272,
,evening,e273,
,cup,e274,
,drink,e274,
,wine,e275,
,full,e276,
,empty,e277,
,fill,e278,
,grain,e279,
,wheat,e279,
,seed,e27a,
,thorn,e27b,
,storm,e27c,
,shake,e27d,
,fruit,e27e,
,vineyard,e27f,
,table,e280,
,lampstand,e281,
,sword,e282,
,battle,e283,
,fight,e283,
,war,e283,
,color,e284,
,white,e285,
,purple,e286,
,red,e287,
,wall,e288,
,gate,e289,
,hedge,e28a,
,zero,e28b,
,one,e28c,
,two,e28d,
,three,e28e,
,four,e28f,
,five,e290,
,six,e291,
,seven,e292,
,eight,e293,
,nine,e294,
,ten,e295,
,thousand,e296,
,unity,e297,
,chair,e298,
,sit,e298,
,ear,e299,
,hear,e299,
,heart,e29a,
,part,e29b,
,some,e29b,
,pen,e29c,
,write,e29c,
,belt,e29d,
,box,e29e,
,camel,e29f,
,Kibroth_Hattaavah,e2a0,Num 11:34
,Lael,e2a1,Num 3:24
,Lebo_Hamath,e2a2,Num 34:8
,Maki,e2a3,Num 13:15
,Medad,e2a4,Num 11:26
,Michael_man,e2a5,1 Chr 5:13
,Nahbi,e2a6,Num 13:14
,Okran,e2a7,Num 1:13
,Pagiel,e2a8,Num 1:13
,Telem_man,e2a9,Num 13:9
,Pedahzur,e2aa,Num 1:10
,Ahiezer,e2ab,Num 1:12
,Ahiman,e2ac,Num 13:22
,Ammiel,e2ad,Num 13:12
,Ammihud,e2ae,Num 1:10
,Ammishaddai,e2af,Num 1:12
,Anak,e2b0,Num 13:22
,banner,e2b1,
,Caleb,e2b2,Num 13:6
,Deuel,e2b3,Num 1:14
,Eldad,e2b4,Num 11:26
,Eliab,e2b5,Num 1:9
,Eliasaph,e2b6,Num 1:14
,Elishama,e2b7,Num 1:10
,Elizaphan,e2b8,Num 3:30
,Enan,e2b9,Num 1:15
,Gaddi,e2ba,Num 13:11
,Gaddiel,e2bb,Num 13:10
,Gemalli,e2bc,Num 13:12
,Gideoni,e2bd,Num 1:11
,Hazeroth,e2be,Num 11:35
,Assir,e2bf,Exod 6:24
,Elkanah,e2c0,Exod 6:24
,Izhar,e2c1,Exod 6:18
,Etham,e2c2,Exod 13:20
,Massah,e2c3,Exod 17:7
,Jochebed,e2c4,Exod 6:20
,Mahli,e2c5,Ezra 8:18
,Mushi,e2c6,Exod 6:19
,Meribah,e2c7,Exod 17:7
,toe,e2c8,
,Phinehas,e2c9,Exod 6:25
,Putiel,e2ca,Exod 6:25
,Shimei,e2cb,Num 3:18
,Urim,e2cc,Exod  28:30
,Zichri,e2cd,Exod 6:21
,Zipporah,e2ce,Exod 2:21
,Mizpah,e2cf,Gen 31:49
,Bered_city,e2d0,Gen 16:14
,Machir_man,e2d1,Gen 50:23
,Sheshai,e2d3,Num 13:22
,Sodi,e2d4,Num 13:10
,Taberah,e2d5,Num 11:3
,Talmai,e2d6,Num 13:22
,Valley_of_Eskol,e2d7,Num 13:23
,Maakah_woman,e2d8,2 Chr 11:21
,chew_cud,e2da,Lev 11:3
,breast,e2db,
,Mishael,e2dc,Lev 10:4
,Abiasaph,e2dd,Exod 6:24
,Abihu,e2de,Exod 28:1
,Amram,e2df,Exod 6:18
,Hur,e2e0,Exod 31:2
,Ithamar,e2e1,Exod 28:1
,Libni,e2e2,Exod 6:17
,Nadab,e2e3,Exod 6:23
,Nepheg,e2e4,Exod 6:21
,Sithri,e2e5,Exod 6:22
,Nun,e2e6,Exod 33:11
,Succoth_land,e2e7,Gen 33:17
,Uri,e2e8,Exod 31:2
,Raphu,e2e9,Num 13:9
,Rehob,e2ea,Num 13:21
,Sethur,e2eb,Num 13:13
,Shammua,e2ec,Num 13:4
,Shedeur,e2ed,Num 1:5
,Shelumiel,e2ee,Num 1:6
,Dibri,e2ef,Lev 24:11
,Elzaphan,e2f0,Exod 6:22
,Shelomith_man,e2f1,1 Chr 23:9
,Uzziel,e2f2,Exod 6:18
,Abidah,e2f3,Gen 25:4
,Ahira,e2f4,Num 1:15
,Arnon,e2f5,Num 21:13
,Bamoth_man,e2f6,
,Dathan,e2f7,Num 16:1
,Hormah,e2f8,Num 14:45
,Kiriath_Huzoth,e2f9,Num 22:39
,Moab_land,e2fa,Gen 36:35
,Peleth,e2fb,Num 16:1
,Pethor,e2fc,Num 22:5
,Zippor,e2fd,Num 22:2
,jealous,e2fe,
,Nethanel,e2ff,Num 1:8
,close,e300,
,near,e300,
,fire,e301,
,heat,e301,
,hot,e301,
,hole,e302,
,horse,e303,
,insect,e304,
,measure,e305,
,mountain,e306,
,net,e307,
,new,e308,
,nose,e309,
,smell,e309,
,pig,e30a,
,river,e30b,
,stream,e30b,
,snake,e30c,
,sweet,e30d,
,knot,e30e,
,tie,e30e,
,tower,e30f,
,whip,e310,
,window,e311,
,air,e312,
,straight,e313,
,you,e314,
,up,e315,
,?,e316,
,descend,e317,
,forward,e318,
,to,e318,
,down,e319,
,from,e31a,
,around,e31b,
,stretch,e31c,
,flip,e31d,
,change,e31e,
,turn,e31e,
,transfiguration,e31f,
,transfigure,e31f,
,repent,e320,
,repentance,e320,
,deep,e321,
,depth,e321,
,arise,e322,
,ascend,e322,
,direction,e323,
,lower_adj,e324,
,backward,e325,
,divide,e326,
,division,e326,
,separate,e326,
,split,e326,
,throw,e327,
,wave,e328,
,resurrect,e329,
,resurrection,e329,
,buy,e32a,
,spend,e32a,
,sell,e32b,
,stand,e32c,
,leaven,e32d,
,smaller,e32e,
,move,e32f,
,against,e330,
,oppose,e330,
,hour,e331,
,control,e332,
,trouble,e333,
,Christ,e334,Matt 1:1
,Messiah,e334,John 4:25
,Beelzebul,e335,Matt 10:25
,Satan,e335,Job 1:6
,John_the_Baptist,e336,Matt 3:4
,Galilee,e337,Josh 20:7
,Jerusalem,e338,Josh 10:1
,Judea,e339,Rom 15:31
,Capernaum,e33a,Matt 4:13
,Tyre,e33b,Josh 19:29
,Sidon_city,e33c,Matt 11:21
,Canaan_land,e33d,Acts 7:11
,Decapolis,e33e,Matt 4:25
,Gadara,e33f,Matt 8:28
,Gerasenes,e33f,Mark 5:1
,Bethsaida,e340,Matt 11:21
,Gennesaret,e341,Matt 14:34
,Aram,e342,
,Syria,e342,Matt 4:24
,Phoenicia,e343,Acts 11:19
,Dalmanutha,e344,Mark 8:10
,Greece,e345,Acts 20:3
,Caesarea,e346,Matt 16:13
,Philippi,e347,Phil 1:1
,Bethphage,e348,Matt 21:1
,Bethany,e349,Matt  21:17
,Gethsemane,e34a,Matt 26:36
,Golgotha,e34b,Matt 27:33
,Joda,e34b,Luke 3:26
,month,e34c,
,Arimathea,e34d,Matt 27:57
,Nazareth,e34e,Matt 2:23
,Jordan_River,e34f,Gen 50:10
,Sea_of_Galilee,e350,Matt 4:18
,Mount_of_Olives,e351,Matt 21:1
,Son_of_Man,e352,Matt 8:20
,Mary_Magdalene,e353,Mark 15:40
,Mary,e354,Matt 27:56
,Mary_Mother_of_Jesus,e354,Matt 1:16
,Herodias,e355,Matt 14:3
,Cephas,e356,John1:42
,Simon_Peter,e356,Matt 4:18
,Andrew,e357,Matt 4:18
,James,e358,Matt 4:21
,Zebedee,e359,Matt 4:21
,John,e35a,John 1:42
,John_the_Disciple,e35a,Matt 4:21
,Moses,e35b,Exod 2:10
,Levi_Matthew,e35c,Luke 5:29
,idol,e35d,
,David,e35e,Matt 1:1
,Abiathar,e35f,Mark 2:26
,Herod,e360,Matt 2:1
,Philip,e361,Matt 10:3
,Bartholomew,e362,Matt 10:3
,Thomas,e363,Matt 10:3
,Simon_the_Canaanite,e364,Matt 10:4
,Judas_Iscariot,e365,Matt 10:4
,Legion,e366,Mark 5:9
,Jairus,e367,Mark 5:22
,Judas,e368,Mark 6:3
,Judas_not_Iscariot,e368,John 14:22
,Jude,e368,Jude 1:1
,Joses,e369,Matt 13:55
,Elijah,e36a,1 Kgs 17:1
,Bartimaeus,e36b,Mark 10:46
,Timaeus,e36c,Mark 10:46
,Barabbas,e36d,Matt 27:16
,Rufus,e36e,Mark 15:21
,Pilate,e36f,Matt 27:2
,Caesar,e370,Acts 26:32
,Mark,e371,Acts 15:37
,Isaiah,e372,2 Kgs 19:2
,Abraham,e373,Matt 1:1
,Isaac,e374,Gen 17:19
,Jacob,e375,Gen 25:26
,James_the_Disciple,e376,Mark 1:19
,Paul,e377,Acts 13:9
,Elkosh,e378,Nah 1:1
,Salome,e379,Mark 15:40
,promise,e37a,
,Thaddaeus,e37b,Matt 10:3
,Simon_of_Cyrene,e37c,Mark 15:21
,.,e37e,
,untie,e37f,
,heaven,e380,Gen 1:8
,go,e381,
,journey,e381,
,travel,e381,
,trip,e381,
,leprosy,e382,
,Pharisee,e383,Matt 23:26
,bowl,e384,
,dish,e384,
,Miriam,e385,Num 12:1
,plate,e386,
,platter,e386,
,shield,e388,
,Jashub,e389,Num 26:24
,Jazer,e38a,Num 21:32
,Abarim,e38b,Num 27:12
,Mahlah,e38c,Num 36:11
,Mattanah,e38d,Num 21:19
,Medeba,e38e,Num 21:30
,Harbona,e38f,
,*,e390,
,pos,e390,
,waist,e391,
,Mount_Peor,e392,Num 23:28
,Mount_Pisgah,e393,Num 21:20
,Nahaliel,e394,Num 21:19
,Nazarite,e395,Num 6:22
,Nemuel,e396,Num 26:9
,least,e397,
,smallest,e397,
,stick,e398,
,nest,e399,
,cover,e39a,
,Nophah,e39b,Num 21:30
,Oboth,e39c,Num 33:43
,Og,e39d,Ps 135:11
,Ozni,e39e,Num 26:16
,Shemida,e39f,Num 26:32
,Shephupham,e3a0,Num 26:39
,Ahiram,e3a1,Num 26:38
,Ar,e3a2,Num 21:15
,Arad_man,e3a3,1 Chr 8:15
,Asriel,e3a4,Num 26:31
,Atharim,e3a5,Num 21:1
,Bashan,e3a6,Num 21:33
,Beer,e3a7,Num 21:16
,Chemosh,e3a8,Num 21:29
,Dibon,e3a9,Num 21:30
,Eran,e3aa,Num 26:36
,Gilead_man,e3ab,Num 26:29
,Helek,e3ac,Num 26:30
,Hepher,e3ad,Num 26:32
,Heshbon,e3ae,Josh 13:26
,Hoglah,e3af,Num 26:33
,Hupham,e3b0,Num 26:39
,Iezer,e3b1,Num 26:30
,Iye_Abarim,e3b2,Num 21:11
,Jahaz,e3b3,Num 21:23
,Mount_Hor,e3b4,Num 20:22
,Elisheba,e3b5,Exod 6:23
,Maarath,e3b6,Josh 15:59
,Maroth,e3b6,Mic 1:12
,Shuham,e3b7,Num 26:42
,Shuthelah,e3b8,Num 26:35
,Sihon,e3b9,Num 21:21
,Tirzah_woman,e3ba,Num 26:33
,Waheb,e3bb,Num 21:14
,Zelophehad,e3bc,Num 26:33
,Zered,e3bd,Deut 2:13
,Zophim,e3be,Num 23:14
,Bamoth_land,e3c0,Num 21:19
,Evi,e3c2,Num 31:8
,Rekem_man,e3c3,Num 31:8
,Reba,e3c4,Num 31:8
,Aroer,e3c5,Num 32:34
,Ataroth,e3c6,Num 32:3
,Ataroth_Shophan,e3c7,Num 32:35
,Baal_Meon,e3c8,Num 32:38
,Beon,e3c9,Num 32:3
,Elealeh,e3ca,Num 32:3
,Eshkol_land,e3cb,Num 13:23
,Jair,e3cc,Num 32:41
,Jogbehah,e3cd,Num 32:35
,Kenath,e3ce,Num 32:42
,Nimrah,e3cf,Num 32:3
,Nobah_land,e3d0,Num 32:42
,Kozbi,e3d1,Num 25:15
,Sibmah,e3d2,Josh 13:19
,Suphah,e3d5,Num 21:14
,Abronah,e3d6,Num 33:34
,Akrabbim,e3d7,Num 34:4
,Almon_Diblathaim,e3d8,Num 33:46
,Alush,e3d9,Num 33:13
,Azmon,e3da,Num 34:5
,Bene_Jaakan,e3db,Num 33:31
,Beth_Jeshimoth,e3dc,Num 33:49
,Dophkah,e3dd,Num 33:12
,Haradah,e3de,Num 33:24
,Hashmonah,e3df,Num 33:29
,Agag,e3e0,Num 24:27
,Ahihud,e3e1,Num 34:27
,Azzan,e3e2,Num 34:26
,Bukki,e3e3,Num 34:22
,Elidad,e3e4,Num 34:21
,Hanniel,e3e5,Num 34:23
,Ain,e3e6,Num 34:11
,Arad_village,e3e7,Num 33:40
,Dibon_Gad,e3e8,Num 33:45
,Ezion_Geber,e3e9,Num 33:35
,Hazar_Addar,e3ea,Num 34:4
,Hazar_Enan,e3eb,Num 34:9
,Hor_Haggidgad,e3ec,Num 33:32
,Jephunneh,e3ee,Num 26:65
,Jogli,e3ef,Num 34:22
,Jotbathah,e3f0,Num 33:33
,Kehelathah,e3f1,Num 33:22
,Kinnereth,e3f2,Josh 19:35
,Kislon,e3f3,Num 34:21
,Libnah,e3f4,Josh 15:42
,Makheloth,e3f5,Num 33:26
,Mithkah,e3f6,Num 33:28
,Moseroth,e3f7,Num 33:30
,Mount_Shepher,e3f8,Num 33:23
,Nebo,e3f9,Num 33:47
,Paltiel,e3fb,Num 34:26
,Parnak,e3fc,Num 34:25
,Pedahel,e3fd,Num 34:28
,Punon,e3fe,Num 33:42
,Riblah,e3ff,Num 34:11
,Rimmon_Perez,e400,Num 33:19
,Rissah,e401,Num 33:21
,Rithmah,e402,Num 33:18
,Salu,e403,Num 25:14
,scepter,e404,Gen 49:10
,Shelomi,e405,Num 34:27
,Shepham,e406,Num 34:10
,Shiphtan,e407,Num 34:24
,Shittim,e408,Num 25:1
,Tahath,e409,Num 33:26
,Terah_land,e40a,Num 33:28
,Vophsi,e40b,Num 13:14
,Zalmonah,e40c,Num 33:41
,Zedad,e40d,Num 34:8
,Zimri,e40e,Num 25:14
,Ziphron,e40f,Num 34:9
,Zur,e410,Num 25:15
,Shemuel,e411,Num 34:20
,Nobah_man,e412,Num 32:42
,tambourine,e413,
,Makkedah,e414,Josh 10:28
,Mount_Ebal,e415,Deut 11:29
,Mount_Gerizim,e416,Deut 11:29
,Piram,e417,Josh 10:3
,Rekem_city,e418,Josh 18:27
,Chronicles,e419,
,Hegai_man,e41a,Esth 2:8
,Jehoiachin,e41b,2 Kgs 24:6
,Nebuchadnezzar,e41c,Jer 21:2
,Shaashgaz,e41d,Esth 2:14
,Elimelek,e41e,Ruth 1:2
,Kilion,e41f,Ruth 1:5
,Mahlon,e420,Ruth 1:5
,Naomi,e421,Ruth 1:2
,Orpah,e422,Ruth 1:4
,Beth_Peor,e423,Deut 3:29
,Pethuel,e424,Joel 1:1
,Sheba_land,e425,2 Chr 9:12
,Judah_land,e426,Hag 1:1
,Adoni_Zedek,e427,Josh 10:1
,Aijalon,e428,Josh 10:12
,Azekah,e42a,Josh 10:10
,Beeroth,e42b,Deut 10:6
,Beth_Horon,e42c,Josh 10:10
,Debir_man,e42d,Josh 10:3
,Eglon_village,e42e,Josh 10:3
,Gezer,e42f,Josh 10:33
,Gibeath_Haaraloth,e430,Josh 5:3
,Gibeon_village,e431,Josh 9:3
,Gilgal,e432,Josh 5:9
,Hoham,e433,Josh 10:3
,Horam,e434,Josh 10:33
,Japhia_man,e435,Josh 10:3
,Jarmuth,e436,Josh 10:3
,Ramoth_Gilead,e436,1 Kgs 4:13
,Remeth,e436,Josh 19:21
,Kephirah,e437,Josh 18:26
,Baalath,e438,Josh 9:44
,Kiriath_Jearim,e438,Josh 9:17
,Lachish,e439,Josh 10:3
,Beth_Ezel,e43a,Mic 1:11
,Akshaph,e43b,Josh 12:20
,Aphek,e43c,Josh 12:18
,Carmel,e43d,Josh 12:22
,Debir_city,e43e,Josh 10:38
,Kiriath_Sannah,e43e,Josh 15:49
,Kiriath_Sepher,e43e,Josh 15:15
,Dor,e43f,Josh11:2
,Geder,e440,Josh 12:13
,Hazor,e441,Josh 12:19
,Jokneam,e442,Josh 12:22
,Madon,e444,Josh 11:1
,Salekah,e445,Deut 3:10
,Shimron_village,e446,Josh 11:1
,Taanach,e447,Josh 12:21
,Tappuah,e448,Josh 12:17
,Tirzah_village,e449,Josh 12:24
,Thebes,e44a,Jer 46:25
,Baal_Gad,e44b,Josh 11:17
,Goyim,e44c,Josh 12:23
,Mount_Halak,e44e,Josh 11:17
,Obadiah,e44f,Neh 10:5
,Amaziah,e450,2 Kgs 12:21
,Ashdod,e451,Josh 11:22
,Ashkelon,e452,Judg 1:18
,Ben_Hadad,e453,1 Kgs 15:18
,Beth_Eden,e454,Amos 1:5
,Ekron,e455,Josh 13:3
,Hazael,e456,Amos 1:4
,Jeroboam,e457,1 Kgs 11:26
,Joash,e458,Judg 6:31
,Kerioth,e459,Jer 48:24
,Kir,e45a,Isa 22:6
,Lo_Debar,e45b,2 Sam 9:4
,Mount_Carmel,e45c,1 Kgs 18:19
,Tekoa_village,e45d,2 Sam 14:2
,Achish,e45e,1 Sam 21:10
,Ahimelech,e45f,1 Sam 21:1
,Doeg,e460,1 Sam 21:7
,Gath,e461,1 Sam 21:10
,Goliath,e462,1 Sam 21:9
,Nob,e463,1 Sam 21:1
,Abiezer,e464,Josh 17:2
,Ataroth_Addar,e465,Josh 16:5
,Bezer,e466,Deut 4:43
,Endor,e467,Josh 17:11
,Golan,e468,Duet 4:43
,Ibleam,e469,Josh 17:11
,Janoah,e46a,Josh 16:7
,Japhlet,e46b,Josh 16:3
,Jezreel,e46c,Josh 17:16
,Kanah_brook,e46d,Josh 16:8
,Kanah_village,e46e,Josh 19:28
,Makir,e46f,Josh 13:31
,Manasseh_land,e470,Josh 17:7
,Mikmethath,e471,Josh 16:6
,Naarah_village,e472,Josh 16:7
,Edrei,e474,Josh 19:37
,Ephod,e475,Num 34:23
,Tahan,e476,Num 26:35
,Naarah_woman,e477,1 Chr 4:5
,Hebron_man,e478,Exo 6:18
,Beth_Haran,e479,Num 32:36
,Noah_woman,e47a,Num 36:11
,Cushan_Rishathaim,e47b,Judg 3:8
,Maon_man,e47c,
,Shamir_man,e47d,
,Jehozadak,e47e,Zech 6:11
,Hammedatha,e47f,Esth 3:1
,Abiram,e480,Num 16:1
,Dizahab,e481,Deut 1:1
,egg,e482,
,Maakath_land,e483,Josh 13:13
,Abner,e484,1 Sam 14:50
,Moserah,e485,Duet 10:6
,Mount_Nebo,e486,Duet 32:49
,Tophel_land,e487,
,Baanah,e488,2 Sam 4:2
,Gittaim,e489,2 Sam 4:3
,Ishbosheth,e48a,2 Sam 2:8
,Jonathan,e48b,1 Sam 13:2
,Haggai,e48c,Ezra 5:1
,Akzib,e48e,Mic 1:14
,Ahasuerus,e48f,Esth 1:1
,Darius,e490,Hag 1:1
,Beth_Leaphrah,e491,Mic 1:10
,Bigthana,e492,Esth 6:2
,Mareshah,e493,1 Chr 2:42
,Johozadak,e494,
,Argob,e495,Deut 3:4
,Avvites,e496,2 Kgs 17:31
,Eber_land,e497,Num 24:24
,Elath,e498,Deut 2:8
,Geshur,e499,Deut 3:14
,Kedemoth,e49a,Duet 2:26
,Sebam,e49b,Num 32:3
,Maakath_man,e49c,Josh 12:5
,Mount_Hermon,e49d,Deut 3:8
,Rabbah,e49e,Deut 3:11
,Esther,e49f,Esth 2:7
,Haman,e4a0,Esth 3:1
,Hathak,e4a1,Esth 4:5
,India,e4a2,Esth 8:9
,Mordecai,e4a3,Esth 2:5
,Persia,e4a4,2 Chr 36:20
,Susa,e4a5,Ezra 4:9
,Teresh,e4a6,Esth 2:21
,Vashti,e4a7,Esth 1:9
,Zeresh,e4a8,Esth 5:10
,Moresheth,e4a9,Mic 1:1
,Shaphir,e4aa,Mic 1:11
,Zaanan,e4ab,Mic 1:11
,Zenan,e4ab,Josh 15:37
,Abishag,e4ac,1 kgs 1:3
,Absalom,e4ad,1 Kgs 1:6
,Adonijah,e4ae,1 kgs 1:5
,Bathsheba,e4af,1 Kgs 1:11
,Benaiah,e4b0,1 Kgs 1:8
,En_Rogel,e4b1,1 Kgs 1:9
,Haggith,e4b2,1 Kgs 1:5
,Jehoiada,e4b3,1 Kgs 1:8
,Joab,e4b4,1 Kgs 1:7
,Pelethites,e4b5,1 Kgs 1:38
,Rei,e4b6,1 Kgs 1:8
,Shunem,e4b7,1 Kgs 1:3
,Beth_Arabah,e4b8,Josh 15:6
,Beth_Dagon,e4b9,Josh 15:41
,Beth_Hoglah,e4ba,Josh 15:6
,Beth_Pelet,e4bb,Josh 15:27
,Biziothiah,e4bc,Josh 15:28
,Bohan,e4bd,Josh 16:6
,Bozkath,e4be,Josh 15:39
,Dannah,e4bf,Josh 15:49
,Dilean,e4c0,Josh 15:38
,Dimonah,e4c1,Josh 15:22
,Eder,e4c2,Josh 15:21
,Eltekon,e4c3,Josh i5:59
,Eltolad,e4c4,Josh 15:30
,En_Gedi,e4c5,Josh 15:62
,En_Shemesh,e4c6,Josh 15:7
,Enam,e4c7,Josh 15:34
,Eshan,e4c8,Josh 15:52
,Adadah,e4c9,Josh 15:20
,Ether,e4cb,Josh 15:42
,Achor,e4cc,Josh 15:7
,Eshtaol,e4cd,Josh 15:33
,Addar,e4ce,Josh 15:3
,Addumim,e4cf,Josh 15:7
,Adithaim,e4d0,Josh 15:26
,Aksah,e4d1,Josh 15:16
,Amam,e4d2,Josh 15:26
,Anab,e4d3,Josh 15:50
,Anim,e4d4,Josh 15:50
,Aphekah,e4d5,Josh 15:53
,Arab,e4d6,Josh 15:52
,Ashan,e4d7,Josh 15:42
,Ashnah,e4d8,Josh 15:33
,Baalah,e4d9,Josh 15:29
,Balah,e4d9,Josh 19:3
,Bealoth,e4da,Josh 15:24
,Ben_Hinnom,e4db,Josh 15:8
,Beth_Anath,e4dc,Josh 15:59
,Zeruiah,e4dd,1 Kgs 1:7
,Zoheleth,e4de,1 Kgs 1:9
,Ezra,e4df,Ezra 7:1
,Kedesh,e4e0,Josh 12:22
,Kishion,e4e0,Josh 21:28
,Mephaath,e4e1,Josh 21:37
,Mishal,e4e2,Josh 19:26
,Mishall,e4e2,Josh 19:26
,Nahalal,e4e3,Josh 21:35
,Nahalol,e4e3,Josh 21:35
,Nahalol,e4e3,Judg 1:30
,Timnath_Serah,e4e4,Josh 24:30
,Zarethan,e4e5,Josh 3:16
,Abinadab,e4e6,1 Sam 31:2
,Beth_Shan,e4e7,1 Sam 31:10
,Dagon,e4e8,2 Sam 10:10
,Elihu,e4e9,1 Sam 1:1
,Hophni,e4ea,1 Sam 1:3
,Jabesh,e4eb,1 Sam 31:11
,Jeroham,e4ec,1 Sam 1:1
,Malki_Shua,e4ed,1 Sam 31:2
,Mount_Gilboa,e4ef,1 Sam 31:1
,Peninnah,e4f0,1 Sam 1:2
,Ramathaim,e4f1,1 Sam 1:1
,Zuph,e4f3,1 Sam 1:1
,Jeshua_village,e4f4,Neh 11:26
,Achan,e4f5,Josh 22:20
,Adam_village,e4f6,Josh 3:16
,Almon,e4f7,Josh 21:18
,Anathoth,e4f8,Josh 21:18
,Beth_Shemesh,e4f9,Josh 21:16
,Eltekeh,e4fa,Josh 21:23
,Beth_Haggan,e4fb,2 Kgs 9:22
,En_Gannim,e4fb,Josh 21:29
,Eshtemoa,e4fc,Josh 21:14
,Eshtemoh,e4fc,Josh 15:50
,Gaash,e4fd,Josh 24:30
,Gath_Rimmon,e4fe,Josh 21:24
,Geba,e4ff,Josh 21:17
,Gibbethon,e500,Josh 21:23
,Gibeah,e501,Josh 42:33
,Hammath,e502,Josh 19:35
,Hammon,e502,Josh 19:28
,Hammoth_Dor,e502,Josh 21:32
,Helkath,e503,Josh 21:31
,Holon,e504,Josh 21:15
,Jattir,e505,Josh 21:14
,Juttah,e506,Josg 21:16
,Daberath,e507,Josh 21:28
,Rabbith,e507,Josh 19:20
,Ezem,e508,Josh 21:17
,Giloh,e509,Josh 15:5
,Hadashah,e50a,Josh 15:37
,Halhul,e50b,Josh 15:58
,Hazar_Gaddah,e50c,Josh 15:27
,Hazar_Shual,e50d,Josh 15:20
,Heshmon,e50e,Josh 15:27
,Humtah,e50f,Josh 15:54
,Iphtah,e510,Josh 15:43
,Ithnan,e511,Josh 15:23
,Jabneel,e512,Josh 15:11
,Jagur,e513,Josh 15:21
,Janim,e514,Josh 15:53
,Jokdeam,e515,Josh 15:56
,Joktheel,e516,Josh 15:38
,Kabbon,e517,Josh 15:40
,Kabzeel,e518,Josh 15:21
,Kain,e519,Josh 15:57
,Karka,e51a,Josh 15:3
,Keilah,e51b,Josh 15:44
,Abdon_man,e51c,Judg 12:13
,Dodo,e51d,Judg 10:1
,Hillel,e51e,judg 12:13
,Ibzan,e51f,Judg 12:8
,Kamon,e520,Judg 10:5
,Maon_village,e521,Judg 10:12
,Micah,e522,Judg 17:1
,Pirathon,e523,Judg 12:31
,Shamir_village,e524,Judg 10:2
,Zaphon,e525,Judg 12:11
,Amariah,e526,Zeph 1:1
,Mephibosheth,e527,2 Sam 9:6
,Mika,e528,2 Sam 9:12
,Recab,e529,2 Sam 4:2
,Gedaliah,e52a,Zeph 1:1
,Rimmon_man,e52b,2 Sam 4:2
,Ziba,e52c,2 Sam 9:2
,Ziklag,e52d,2 Sam 4:10
,Kerethites,e52e,Zeph 2:5
,Kesil,e52f,Josh b15:3
,Kinah,e530,Josh 15:22
,Kitlish,e531,Josh 15:40
,Lahmas,e532,Josh 15:40
,Lebaoth,e533,Josh 15:32
,Madmannah,e534,Josh 15:31
,Middin,e535,Josh 15:61
,Migdalgad,e536,Josh 15:37
,Moladah,e537,Josh 15:26
,Naamah_village,e538,Josh 15:41
,Nephtoah,e539,Josh 15:9
,Nezib,e53a,Josh 15:43
,Nibshan,e53b,Josh 15:62
,Othniel,e53c,Josh 15:17
,Dimnah,e53d,Jos 21:35
,Rimmon_village,e53d,Jos 15:32
,Secacah,e53f,Josh 15:61
,Shaarim,e540,Josh 15:36
,Shema_village,e541,Josh 15:26
,Shikkeron,e542,Josh 15:11
,Shelomith_woman,e543,Lev 24:11
,Seba_land,e544,Isa 43:3
,Arah,e545,Josh 13:4
,Beth_Aven,e546,Josh7:2
,Beth_Baal_Meon,e547,Josh 13:17
,Betonim,e548,Josh 13:26
,Gebal,e549,Josh 13:5
,Misrephoth_Maim,e54a,Josh 13:6
,Shihor,e54b,Josh 13:2
,Sharuhen,e54c,Josh 19:6
,Shilhim,e54c,Josh 15:32
,Sokoh,e54d,Josh 15:35
,Telem_village,e54e,Josh 15:24
,Zabdi,e54f,Josh 7:1
,Zanoah,e550,Josh 15:34
,Zereth_Shahar,e551,Josh 13:19
,Zair,e552,2 King 8:21
,Zior,e552,Josh 15:54
,Zoar,e552,Gen 13:10
,Ziph_village,e553,Josh 15:24
,Zorah,e554,Josh 15:33
,Shema_man,e555,1 Chr 2:43
,Ziph_man,e556,1 Chr 2:42
,Abeizer,e557,Judg 8:2
,Abel_Keramim,e558,Judg 11:33
,Heres,e559,Judg 1:35
,Jabesh_Gilead,e55a,Judg 21:9
,Jabin,e55b,Judg 4:2
,Jael,e55c,Judg 5:6
,Kishon,e55d,Judg 5:21
,Kitron,e55e,Judg 1:30
,Laish,e55f,Judg 18:7
,Lappidoth,e560,Judg 4:4
,Lebonah,e561,Judg 21:19
,Lehi,e562,Judg 15:9
,Mahaneh_Dan,e563,Judg 13:25
,Manoah,e564,Judg 16:31
,Meroz,e565,Judg 5:23
,Minnith,e566,Judg 11:33
,Mount_Tabor,e567,Judg 4:6
,Mount_Zalmon,e568,Judg 9:48
,Ophrah,e569,Judg 8:27
,Oreb,e56a,Judg 7:25
,Abinoam,e56b,Judg 5:12
,Ahlab,e56c,Judg 1:31
,Akko,e56d,Judg 1:31
,Anath,e56e,Judg 5:6
,Arumah,e56f,Judg 9:40
,Ashkelon,e570,Judg 14:19
,Beth_Barah,e571,Judg 7:24
,Beth_Millo,e572,Judg 9:6
,Beth_Shittah,e573,Judg 7:22
,Bezek,e574,Judg 1:4
,Bokim,e575,Judg 2:1
,Delilah,e576,Judg 16:4
,Ebed,e577,Judg 9:26
,Ehud,e578,Judg 4:1
,Etam,e579,Judg 15:11
,Gaal,e57a,Judg 9:26
,Gidom,e57b,Judg 20:45
,Harod,e57c,Judg 7:1
,Harosheth,e57d,Judg 4:2
,Helbah,e57e,Judg 1:31
,Jether,e57f,Judg 8:20
,Karkor,e580,Judg 8:10
,Hosah,e581,Josh 19:29
,Idalah,e582,Josh 19:14
,Iphtah_El,e583,Josh 19:14
,Iron,e584,Josh 19:38
,Ithlah,e585,Josh 19:40
,Japhia_village,e586,Josh 19:12
,Jehud,e587,Josh 19:45
,Kabul,e588,Josh 19:27
,Kattath,e589,Josh 19:15
,Chesulloth,e58a,Jos 19:18
,Kisloth_Tabor,e58a,Josh 19:12
,Lakkum,e58b,Josh 19:33
,Maralah,e58c,Josh 19:10
,Me_Jarkon,e58d,Josh 19:46
,Mermom,e58e,Jos 11:4
,Merom,e58e,Josh 11:5
,Migdal_El,e58f,Jos 19:38
,Neah,e590,Jos 19:13
,Neiel,e591,Jos 19:13
,Sarid,e592,Jos 19:10
,Shahazumah,e593,Jos 19:22
,Shihor_Libnath,e594,Jos 19:26
,Diblaim,e595,Hos 1:3
,Gomer,e596,Hos 1:3
,Jehu,e597,Hos 1:4
,Jezreel_man,e598,Hos 1:4
,Lebanon,e599,Ps 29:5
,Amad,e59a,Jos 19:26
,Anaharath,e59b,Jos 19:19
,Bene_Berak,e59c,Jos 19:45
,Beten,e59d,Jos 19:25
,Beth_Emek,e59e,Jos 19:27
,Beth_Markaboth,e59f,Jos 19:5
,Beth_Pazzez,e5a0,Jos 19:21
,Adamah,e5a1,Josh 19:36
,Adamah,e5a1,Josh 19:36
,Dabbesheth,e5a2,Jos 19:10
,Ebez,e5a3,Jos 19:20
,En_Haddah,e5a4,Jos 19:21
,Eth_Kazin,e5a5,Jos 19:13
,Hali,e5a6,Jos 19:25
,Hannathon,e5a7,Jos 19:14
,Hapharaim,e5a8,Jos 19:19
,Allammelek,e5a9,Jos 19:26
,Paruah,e5aa,1 Kgs 4:17
,Shavsha,e5ab,1 Chr 18:16
,Shisha,e5ab,1 Kgs 4:3
,Taphath,e5ac,1 Kgs 4:11
,Tiphsah,e5ad,1 Kgs 4:24
,Zabud,e5ae,1 Kgs 4:5
,Hosah,e5af,1 Chr 26:11
,Shual,e5b0,1 Chr 7:36
,Adami_Nekeb,e5b1,Josh 19:33
,Purah,e5b2,Judg 7:10
,Ramath_Lehi,e5b3,Judg 15:17
,Shaalabbin,e5b4,Josh 19:42
,Shaalbim,e5b4,Judg 1:35
,Shamgar,e5b5,Judg 5:20
,Sisera,e5b6,Judg 5:20
,Sorek,e5b7,Judg 16:14
,Tabbath,e5b8,Judg 7:22
,Thebez,e5b9,Judg 9:50
,Timnath_Heres,e5ba,Judg 2:9
,Tob,e5bb,Judg 11:3
,Zaanannim,e5bc,Judg 4:11
,Zalmunna,e5bd,Judg 8:5
,Zebah,e5be,Judg 8:5
,Zebul,e5bf,Judg 9:28
,Zebulun_land,e5c0,Judg 4:6
,Zeeb,e5c1,Jus 7:25
,Zephath,e5c2,Judg 1:17
,Abel_Meholah,e5c3,1 Sam 18:19
,Abigail,e5c4,1 Sam 25:3
,Adriel,e5c5,1 Sam 18:19
,Ner,e5c6,1 Kgs 2:5
,Azmaveth_village,e5c7,Ezra 2:29
,Regem_Melek,e5c8,Zech 7:2
,Sharezer,e5c9,Zech 7:2
,Amoz,e5ca,Isa 1:1
,Abel_Beth_Maakah,e5cb,1 Kgs 15:20
,Baasha,e5cc,1 Kgs 15:16
,Benjamin_land,e5cd,1 Kgs 15:22
,Eliada,e5cf,1 Kgs 11:23
,Genubath,e5d0,1 Kgs 11:20
,Hadadezer,e5d1,1 Kgs 11:23
,Hezion,e5d2,1 Kgs 15:18
,Hiram,e5d3,1 Kgs 10:11
,Ijon,e5d4,1 Kgs 15:20
,Naphtali_land,e5d6,1 Kgs 15:20
,Nebat,e5d7,1 Kgs 11:26
,Nimshi,e5d8,1 Kgs 19;16
,Ophir,e5d9,1 Kgs 10:11
,prostitute_man,e5da,1 Kgs 15:12
,Rezon,e5db,1 Kgs 11:23
,Shishak,e5dc,1 Kgs 11:40
,Gedor,e5dd,1 Chr 9:37
,Gibeon_man,e5de,1 Chr 9:35
,Hanan,e5df,1 Chr 9:44
,Hashabiah,e5e0,1 Chr 9:14
,Hassenuah,e5e1,1 Chr 9:7
,Hasshub,e5e2,1 Chr 9:14
,Heresh,e5e3,1 Chr9:15
,Hilkiah,e5e4,1 Chr 9:11
,Hodaviah,e5e5,1 Chr 9:7
,Ibneiah,e5e6,1 Chr 9:8
,Ibnijah,e5e7,1 Chr 9:8
,Immer,e5e8,1 Chr 9:12
,Imri,e5e9,1 Chr 9:4
,Jahzerah,e5ea,1 Chr 12:9
,Jedaiah,e5eb,1 Chr 9:10
,Jeuel,e5ec,1 Chr 9:6
,Maasai,e5ed,1 Chr 9:12
,Malkijah,e5ee,1 Chr 9:12
,Mattaniah,e5ef,1 Chr 9:15
,Melek,e5f0,1 Chr 9:41
,Tabrimmon,e5f1,1 Kgs 15:18
,Zeredah,e5f2,1 Kgs 11:26
,Zeruah,e5f3,1 Kgs 11:26
,Adaiah,e5f4,1 Chr 9:12
,Adiel,e5f5,1 Chr 9:12
,Ahio,e5f6,1 Chr 9:37
,Akkum,e5f7,1 Chr 9:17
,Alemeth,e5f8,1 Chr 9:42
,Asaiah,e5f9,1 Chr 9:5
,Asaph,e5fa,1 Chr 9:19
,Azel,e5fb,1 Chr 9:43
,Azmaveth_man,e5fc,1 Chr 9:42
,Azrikam,e5fd,1 Chr 9:14
,Baal_man,e5fe,1 Chr 9:36
,Bakbakkar,e5ff,1 Chr 9:15
,Bani,e600,1 Chr 9:14
,Binea,e601,1 Chr 9:43
,Bokeru,e602,1 Chr 9:44
,Eleasah,e603,1 Chr 9:43
,Galal,e604,1 Chr 9:15
,Abdon_village,e605,Josh 21:30
,Asher_land,e606,Josh 17:7
,Shion,e607,Josh 19:19
,Ummah,e608,Josh 19:30
,Zer,e609,Josh 19:35
,Ziddom,e60a,Josh 19:35
,Hazar_Susah,e60b,Josh 19:5
,Sansannah,e60b,Josh 15:31
,Eglon_man,e60c,Judg 3:12
,Ahab,e60d,Mic 6:16
,Omri,e60e,Mic 6:16
,Zephaniah,e60f,Zeph 1:1
,Cushi,e610,Zeph 1:1
,grey,e611,
,Tibni,e612,1 Kgs 16:21
,Abijah_woman,e613,2 Kgs 18:2
,Ahaziah,e614,2 Kgs 1:2
,Arpad,e615,2 Kgs 18:34
,Athaliah,e616,2 Kgs 11:1
,Bidkar,e617,2 Kgs 9:25
,Gehazi,e618,2 Kgs 5:20
,Gozan,e619,2 Kgs 18:11
,Gur,e61a,2 Kgs 9:27
,Halah,e61b,2 Kgs 18:11
,Hena,e61c,2 Kgs 18:34
,Ivvah,e61d,2 Kgs 18:34
,Jehosheba,e61e,2 Kgs 11:2
,Joah,e61f,2 Kgs 18:18
,Mattan,e620,2 Kgs 11:18
,Sennacherib,e621,2 Kgs 18:13
,Sepharvaim,e622,2 Kgs 18:34
,Shalmaneser,e623,2 Kgs 18:9
,Shebna,e624,2 Kgs 18:18
,Tishbe,e625,2 Kgs 1:3
,Abdiel,e626,1 Chr 16:32
,Ahi,e627,1 Chr 5:15
,Azriel,e628,1 Chr 5:24
,Beerah,e629,1 Chr 5:6
,Eliel,e62a,1 Chr 5:24
,Gog_man,e62b,1 Chr 5:4
,Habor,e62c,1 Chr 5:26
,Hara,e62d,1 Chr 5:26
,Huri,e62e,1 Chr 5:14
,Ishi,e62f,1 Chr 5:24
,Jahdiel,e630,1 Chr 5:24
,Jahdo,e631,1 Chr 5:14
,Janai,e632,1 Chr 5:12
,Jaroah,e633,1 Chr 5:14
,Jeshishai,e634,1 Chr 5:14
,Jorai,e635,1 Chr 5:13
,Kidon,e636,1 Chr 13:9
,Meraioth,e637,1 Chr 9:11
,Meshillemith,e638,1 Chr 9:12
,Meshullam,e639,1 Chr 9:7
,Mikloth,e63a,1 Chr 9:37
,Mikri,e63b,1 Chr 9:8
,Moza,e63c,1 Chr 9:42
,Obed_Edom,e63d,1 Chr 13:14
,Pashhur,e63e,1 Chr 9:41
,Pithon,e63f,1 Chr 9:41
,Reaiah,e640,1 Chr 5:5
,Shallum,e641,1 Chr 9:17
,Shapham,e642,1 Chr 5:12
,Sheariah,e643,1 Chr 9:44
,Shephatiah,e644,1 Chr 9:8
,Shimeam,e645,1 Chr 9:38
,Tahrea,e646,1 Chr 9:41
,Talmon,e647,1 Chr 9:17
,Tiglath_Pileser,e648,1 Chr 5:6
,Uthai,e649,1 Chr 9:4
,Uzzah,e64a,1 Chr 13:7
,Uzzi,e64b,1 Chr 9:8
,Zia,e64c,1 Chr 5:13
,Rephaiah,e64d,1 Chr 9:43
,Dumah_village,e64e,Josh 15:52
,Emek_Keziz,e64f,Josh 1821
,Haeleph,e650,Josh 18:28
,Heleph,e651,Josh 19:33
,Irpeel,e652,Josh 18:27
,Kartah,e653,Josh 21:34
,Kephar_Ammon,e654,Josh 18:24
,Kibzaim,e655,Josh 21:22
,Mozah,e656,Josh 18:26
,Ophni,e657,Josh 18:24
,Parah,e658,Josh 18:23
,Rakkath,e659,Josh19:35
,Taralah,e65a,Josh 18:27
,Zelah,e65b,Josh 18:28
,Gath_Hepher,e65c,Josh 19:13
,Tabor_village,e65d,1 Chron 6:77
,Kishi,e65e,1 Chr 6:44
,Kushaiah,e65e,1 Chr 15:17
,become_thing,e839,
,become_person,e83a,
,convert,e83a,
,remain,e83b,
,stay,e83b,
,how_long,e83c,Exod 10:3
,grind,e83d,
,stem,ea01,
,wrong,ea02,
,Sadducee,ea03,Matt 3:7
,Israel,ea04,Gen 32:28
,Herodians,ea05,Mark 3:6
,worm,ea06,
,taste,ea07,
,Jericho,ea08,Num 22:1
,donkey,ea09,
,murderer,ea10,
,wait,ea11,
,mock,ea12,
,hail,ea13,
,Alexander,ea14,Acts 19:33
,Joseph,ea15,Gen 30:24
,lot,ea16,
,lots,ea16,Luke 23:34
,dark,ea17,
,sponge,ea18,
,wrap,ea19,
,linen,ea20,
,blessed,ea21,
,half,ea22,
,language,ea23,
,weak,ea24,
,justice,ea25,
,reed,ea26,
,stumbling_block,ea27,
,Jeremiah,ea28,2 Chr 36:12
,Jonah_Simons_father,ea29,Matt 16:17
,Magadan,ea30,Matt 15:39
,south,ea31,
,Solomon,ea32,2 Sam 5:14
,grass,ea33,
,scatter,ea34,Matt 26:31
,flour,ea35,
,dough,ea36,
,precious,ea37,
,east,ea38,
,threshing,ea39,
,poor,ea3a,
,comfort,ea3b,
,altar,ea3c,Gen 8:20
,divorce,ea3d,
,rain,ea3e,
,Zebulun_man,ea3f,Gen 30:20
,Naphtali_man,ea40,Gen 30:8
,Rachel,ea41,Gen 29:6
,Ramah,ea42,Josh 18:25
,Noah_man,ea43,Gen 6:8
,Egypt,ea44,Matt 2:13
,Bethlehem,ea45,Matt 2:1
,Uriah,ea46,2 Sam 11:3
,Simeon,ea47,Gen 29:33
,Simon,ea47,John 13:26
,Nain,ea48,Luke 7:11
,owe,ea49,
,beautiful,ea4a,
,beauty,ea4a,
,Judah_man,ea4b,Gen 29:35
,Perez,ea4c,1 Chr 27:3
,Zerah,ea4d,Gen 36:13
,Tamar,ea4e,Gen 38:6
,Hezron,ea4f,Gen 46:9
,Ram,ea50,Ruth 4:19
,Amminadab,ea51,Matt 1:4
,Nahshon,ea52,Exod 6:23
,Salmon,ea53,Ruth 4:20
,Boaz,ea54,Matt 1:5
,Rahab,ea55,Josh 2:1
,Obed,ea56,Matt 1:5
,Ruth,ea57,Ruth 1:4
,Jesse,ea58,Ruth 4:17
,Corinth,ea59,Acts 18:1
,Rehoboam,ea5a,1 Kgs 11:43
,Abijah_man,ea5b,Luke 1:5
,Asa,ea5c,Matt 1:7
,Jehoshaphat,ea5d,1 Kgs 15:24
,Joram,ea5e,2 Kgs 8:16
,Uzziah,ea5f,2 Kgs 15:13
,Tema_land,ea60,Isa 21:14
,Ahaz,ea61,Matt 1:9
,Hezekiah,ea62,2 Kgs 16:20
,Manasseh_man,ea63,Gen 41:51
,Amon,ea64,Matt 1:10
,Josiah,ea65,2 Kgs 21:24
,Jechoniah,ea66,Matt 1:11
,Babel,ea67,Gen 11:9
,Babylon,ea67,Acts 7:43
,Shealtiel,ea68,Ezra 3:2
,Zerubbabel,ea69,Ezra 2:2
,Abiud,ea6a,Matt 1:13
,Eliakim,ea6b,Matt 1:13
,Azor,ea6c,Matt 1:14
,Zadok,ea6d,2 Sam 15:24
,Achim,ea6e,Matt 1:14
,Eliud,ea6f,Matt 1:14
,Eleazar,ea70,Exod 6:23
,Matthan,ea71,Matt 1:15
,north,ea74,
,cloak,ea76,
,Caiaphas,ea77,Matt 26:3
,Daniel,ea78,Matt 24:15
,trumpet,ea79,
,Gomorrah,ea7a,Gen 10:19
,Samaritan,ea7b,Luke 10:33
,fool,ea7c,
,goat,ea7d,
,virgin,ea7e,
,condemn,ea7f,
,condemnation,ea7f,
,dream,ea80,
,vision,ea80,
,tribe,ea81,
,Samaria,ea83,1 Kgs 13:32
,guilt,ea84,
,guilty,ea84,
,ox,ea85,
,fat,ea86,
,sex,ea87,
,lightning,ea88,
,west,ea89,
,fox,ea8a,
,flute,ea8b,
,gluttony,ea8c,
,drunk,ea8d,
,Sodom,ea8e,Gen 10:19
,Chorazin,ea8f,Matt 11:21
,ash,ea90,
,Simon_Jesus_Brother,ea92,Matt 13:55
,greed,ea94,
,self,ea95,
,Abel,ea96,Gen 25:4
,Barachiah,ea97,Matt 23:35
,Zechariah,ea98,Zech 1:1
,key,ea9d,
,sanctuary,eb01,
,Anna,eb02,Luke 2:36-38
,Hannah,eb02,1 Sam 1:2
,Joshua_man,eb03,
,Matthew,eb04,Matt 9:9
,Matthias,eb04,Acts 1:26
,island,eb05,
,room,eb06,
,Athens,eb07,Acts 17:15
,confuse,eb08,
,yoke,eb09,
,Parthia,eb0a,Acts 2:9
,Haran_land,eb0b,Gen 11:31
,Sea_of_Reeds,eb0c,Exod 10:19
,Aaron,eb0d,Acts 7:40
,Chaldea,eb0e,Jer 50:10
,Midian_land,eb0f,Exod 2:15
,custom,eb10,
,fat_animal,eb11,
,Thessalonica,eb12,Acts 17:1
,Berea,eb13,Acts 17:10
,prevail,eb14,Luke 23:23
,triumph,eb14,
,victory,eb14,
,queen,eb15,1  Kgs 10:1
,Rome,eb16,Acts 2:10
,Aquila,eb17,Acts 18:2
,Priscilla,eb18,Acts 18:2
,Sceva,eb19,Acts 19:14
,Demetrius,eb1a,Acts 19:24
,Levi,eb1b,Exod 1:2
,Pyrrhus,eb1c,Acts 20:4
,Secundus,eb1d,Acts 20:4
,Trophimus,eb1e,Acts 20:4
,Eutychus,eb1f,Acts  20:9
,Assos,eb20,Acts 20:13
,Mitylene,eb21,Acts 20:14
,Chios,eb22,Acts 20:15
,Miletus,eb23,Acts 20:15
,flower,eb24,
,Rhodes,eb25,Acts 21:1
,Mnason,eb26,Acts 21:16
,shave,eb27,
,metal,eb28,
,iron,eb29,
,gold,eb2a,
,silver,eb2b,
,bronze,eb2c,
,Zeus,eb2d,Acts 14:12
,Amphipolis,eb2e,Acts 17:1
,Hermes_idol,eb2f,Acts 14:12
,Apollonia,eb30,Acts 17:1
,Attalia,eb31,Acts 14:25
,tabernacle,eb32,Exod 25:9
,tent,eb32,
,strangled,eb33,
,tool,eb34,
,cow,eb36,
,Damaris,eb37,Acts 17:34
,Titus,eb38,Titus 1:4
,crooked,eb39,
,Crispus,eb3a,Acts 18:8
,Gallio,eb3b,Acts 18:12
,Sosthenes,eb3c,Acts 18:17
,Cenchrea,eb3d,Acts 18:18
,Apollos,eb3e,Acts 18:24
,Tyrannus,eb3f,Acts 19:9
,Manaen,eb40,Acts13:1
,Silas,eb41,Acts 15:22
,Seleucia,eb42,Acts 13:4
,Derbe,eb43,Acts 14:6
,Lystra,eb44,Acts 16:2
,Sergius,eb45,Acts 13:7
,Galatia,eb46,Acts 16:6
,Perga,eb47,Acts 13:13
,Bithynia,eb48,Acts 16:7
,Kish,eb49,1 Chr 24:29
,Mysia,eb4a,Acts 16:7
,Benjamin_man,eb4b,Gen 35:18
,Samothrace,eb4c,Acts 16:11
,Gamaliel,eb4d,Acts 5:34
,Neapolis,eb4e,Acts 16:11
,justify,eb4f,
,Lydia,eb50,Acts 16:14
,Lycaonia,eb51,Acts 14:6
,Thyatira,eb52,Acts 16:14
,Prochorus,eb53,Acts 6:5
,Saul,eb54,1 Sam 9:2
,Nicanor,eb55,Acts 6:5
,Nicolaus,eb56,Acts 6:5
,Parmenas,eb57,Acts 6:5
,Antioch,eb58,Acts 6:5
,Cyrene,eb59,Matt 27:32
,Alexandria,eb5a,Acts 18:24
,Cilicia,eb5b,Acts 6:9
,Mount_Horeb,eb5c,Exod 33:6
,Mount_Sinai,eb5c,Exod 19:11
,Emmor,eb5d,Acts 7:16
,Hamor,eb5d,Gen 33:19
,porch,eb5e,John 10:23
,couch,eb5f,
,descendant,eb60,
,prince,eb61,
,elder,eb62,
,Annas,eb63,Acts 4:6
,Jason,eb64,Acts 17:5
,Ananias,eb65,Acts 23:2
,Sapphira,eb66,Acts 5:1
,Theophilus,eb67,Luke 1:3
,Luke,eb68,Col 4:14
,Barsabbas,eb69,"Acts 15:22,27"
,Justus,eb6a,Acts 1:23
,Stephen,eb6b,Acts 6:5
,Elam_land,eb6d,Gen 14:1
,Pamphylia,eb6e,Acts 2:10
,Asia,eb6f,Acts 6:9
,Media,eb70,Ezra 6:2
,Theudas,eb71,Acts 5:36
,Aram_Naharaim,eb72,Gen 24:10
,Mesopotamia,eb72,Acts 2:9
,Libya,eb73,Acts 2:10
,Put_land,eb73,Nahum 3:9
,Cappadocia,eb74,Acts 2:9
,Pontus,eb75,Acts 2:9
,Phrygia,eb76,Acts 2:10
,Arabia,eb77,Gal 1:17
,Dionysius,eb78,Acts 17:34
,foreknowledge,eb79,
,centurion,eb7a,
,Achaia,eb7c,Acts 18:12
,wing,eb7d,
,wings,eb7d,
,Azotus,eb7e,Acts 8:40
,Gaza,eb7f,Gen 10:19
,salvation,eb80,
,Cornelius,eb81,Acts 10:1
,Jotham,eb82,Judg 9:5
,corner,eb83,
,letter,eb84,
,Candace,eb85,Acts 8:27
,black,eb86,
,demon,eb87,
,Cyprus,eb88,Acts 4:36
,Kittim_island,eb88,Num 24:24
,Agabus,eb89,Acts 11:28
,Claudius,eb8a,Acts 11:28
,knock,eb8b,
,Blastus,eb8d,Acts 12:20
,Samuel,eb8e,1 Sam 1:20
,eunuch,eb8f,
,Believer,eb90,Acts 5:14
,Christian,eb90,Acts 26:28
,farm,eb91,
,field,eb91,
,Rhoda,eb92,Acts 12:13
,Adramyttium,eb93,Acts 27:2
,try,eb94,
,countryside,eb96,
,Pisidia,eb97,Acts 14:24
,citizen,eb98,
,Felix,eb99,Acts 23:24
,Antipatris,eb9a,Acts 23:31
,Tertullus,eb9b,Acts 24:1
,Drusilla,eb9c,Acts 24:24
,Agrippa,eb9d,Acts 25:13
,Bernice,eb9e,Acts 25:13
,Paphos,eb9f,Acts 13:6
,Bethesda,eba0,John 5:2
,Aenon,eba1,John 3:23
,Cana,eba2,John 2:11
,Ephraim_man,eba3,Gen 41:52
,Ephraim_land,eba4,2 Chr 30:10
,finger,eba5,
,Kidron_Valley,eba6,John 18:1
,valley,eba7,
,Latin,eba8,John 19:20
,manna,eba9,Exod 16:31
,nail,ebaa,
,Nicodemus,ebab,John 3:1
,passion,ebac,
,pavement,ebad,
,Salim,ebae,John 3:23
,Sea_of_Tiberias,ebaf,John 6:1
,Tiberias_city,ebb0,John 6:23
,Siloam_city,ebb1,Luke 13:4
,week,ebb2,
,well,ebb3,
,word,ebb4,
,Clopas,ebb5,John 19:25
,Didymus,ebb6,John 11:16
,Malchus,ebb7,John 18:10
,Word,ebb8,John 1:1
,Ampliatus,ebb9,Rom 16:8
,Andronicus,ebba,Rom 16:7
,Apelles,ebbb,Rom 16:10
,Aristobulus,ebbc,Rom 16:10
,armor,ebbd,
,Asyncritius,ebbe,Rom 16:14
,Baal,ebbf,Rom 11:4
,counted,ebc0,
,credit,ebc0,
,reckon,ebc0,Rom 4:4
,Epaenetus,ebc1,Rom 16:5
,Esau,ebc2,Gen 25:25
,creation,ebc3,
,Hermas,ebc4,Rom 16:14
,Hosea,ebc5,Hos 1:1
,Illyricum,ebc6,Rom 15:19
,Julia,ebc7,Rom 16:15
,Junia,ebc8,Rom 16:7
,Narcissius,ebc9,
,Nereus,ebca,Rom 16:15
,Olympus,ebcb,Rom 16:15
,Patrobas,ebcc,Rom 16:14
,looks_like,ebcd,
,Persis,ebce,Rom 16:12
,Philologus,ebcf,Rom 16:15
,Phlegon,ebd1,Rom 16:14
,Phoebe,ebd2,Rom 16:1
,Arba,ebd3,Jos 21:11
,Quartus,ebd3,Rom 16:23
,Rebekah,ebd4,Gen 22:23
,Sarah,ebd5,Gen 17:15
,Spain,ebd6,Rom 15:24
,Stachys,ebd7,Rom 16:9
,Tryphaena,ebd8,Rom 16:12
,Tryphosa,ebd9,Rom 16:12
,Urbanus,ebda,Rom 16:9
,bribe,ebdb,
,Lot,ebdc,Gen 11:27
,Ashhur,ebdd,1 Chr 2:24
,Ashhur,ebdd,1 Chr 2:24
,Asher_man,ebde,Gen 30:13
,ring,ebdf,
,leg,ebe0,
,Salamis,ebe1,Acts 13:5
,Chloe,ebe2,1 Cor 1:11
,cymbal,ebe3,
,drum,ebe3,
,free_no_cost,ebe4,
,gong,ebe5,
,mirror,ebe6,
,important,ebe7,
,order,ebe7,
,priority,ebe7,
,loud,ebe8,
,noise,ebe9,
,sound,ebe9,
,Stephanas,ebea,1 Cor 1:16
,Eve,ebeb,Gen 3:20
,clay,ebec,
,Hermes_man,ebed,Rom 16:14
,Tertius,ebee,Rom 16:22
,apostle,ebef,
,Herodion,ebf1,Rom 16:11
,another,ebf2,
,next,ebf2,
,sharp,ebf3,
,Patmos,ebf4,Rev 1:9
,Smyrna,ebf5,Rev 1:11
,Pergamum,ebf6,Rev 1:11
,Sardis,ebf7,Rev 1:11
,Philadelphia,ebf8,Rev 1:11
,Laodicea,ebf9,Col 4:13
,wool,ebfa,
,snow,ebfb,
,church,ebfc,
,ambassador,ebfd,
,weary,ebfe,
,Balak,ebff,Rev 2:14
,Antipas,ec01,Rev 2:13
,Timothy,ec02,1 Tim 1:2
,smoke,ec03,
,philosopher,ec04,
,Epicurean,ec05,Acts 17:18
,Stoic,ec06,Acts 17:18
,Julius,ec07,Acts 27:1
,Ptolemais,ec08,Acts 21:7
,Troas,ec0b,Acts 16:8
,Ephesus,ec0c,Acts 18:19
,Macedonia,ec0d,Acts 16:9
,Erastus,ec0e,Acts 19:22
,Gaius,ec0f,Acts 19:29
,Aristarchus,ec10,Acts 20:3
,Lycia,ec13,Acts 27:5
,Cnidus,ec14,Acts 27:7
,Salmone,ec15,Acts 27:7
,Lasea,ec16,Acts 27:8
,Adriatic_Sea,ec17,Acts 27:27
,Fair_Haven,ec18,Acts 27:8
,Malta,ec19,Acts 28:1
,Publius,ec1a,Acts 28:7
,twin,ec1b,
,Syracuse,ec1c,Acts 28:12
,Rhegium,ec1d,Acts 28:13
,Puteoli,ec1e,Acts 28:13
,Iconium,ec1f,Acts 13:51
,Sopater,ec20,Acts 20:4
,Sosipater,ec20,Rom 16:21
,test,ec21,
,Creator,ec22,Rom 1:25
,Patara,ec23,Acts 21:1
,Alphaeus,ec24,Acts 1:13
,Samos,ec25,Acts 20:15
,Molech,ec26,Lev 18:21
,forest,ec27,
,Myra,ec28,Acts 27:5
,Phoenix,ec29,Acts 27:12
,Aeneas,ec2a,Acts 9:33
,Lasharon,ec2b,Josh 12:18
,Sharon,ec2b,1 Chr 5:16
,Dorcas,ec2c,Acts 9:36
,Joppa,ec2d,Jonah 1:3
,Lydda,ec2e,Acts 9:35
,Barnabas,ec2f,Acts 9:27
,Tarsus,ec30,Acts 9:11
,Damascus,ec31,Gen  14:15
,Ethiopia,ec32,Acts 8:27
,religion,ec33,
,sect,ec33,Acts 28:22
,Artemas,ec34,Acts 19:24
,Areopagus,ec35,Acts 17:19
,Cauda,ec36,Acts 27:16
,Clauda,ec36,Acts 27:16
,Lysias,ec37,Acts 24:22
,Porcius,ec38,Rev 1:11
,Gabriel,ec39,Luke 1:19
,Elizabeth,ec3a,Luke 1:5
,Quirinius,ec3b,Luke 2:2
,Phanuel,ec3c,Luke 2:36
,Tiberius_man,ec3d,Luke 3:1
,Ituraea,ec3e,Luke 3:1
,Trachonitis,ec3f,Luke 3:1
,Lysanias,ec40,Luke 3:1
,winnowing_fork,ec41,Matt 3:12
,threshing_floor,ec42,
,storehouse,ec43,
,Eli,ec44,1 Sam 1:3
,Heli,ec44,Luke 3:23
,Melchi,ec45,Luke 3:24
,Jannai,ec46,Luke 3:24
,Amos,ec47,Amos
,Nahum,ec48,Nah 1:1
,Esli,ec49,Luke 3:25
,Naggai,ec4a,Luke 3:25
,Maath,ec4b,Luke 3:26
,Joanan,ec4c,Luke 3:27
,Abilene,ec4d,Luke 3:1
,Abyss,ec4e,Luke 8:31
,Adam_man,ec4f,Gen 2:17
,Addi,ec50,Luke 3:28
,Admin,ec51,Luke 3:33
,Arni,ec52,Luke 3:33
,Arphaxad,ec53,Luke 3:36
,awake,ec54,
,bank,ec55,
,Cain,ec56,Gen 4:1
,Cainan,ec56,Luke 3:36
,Kenan,ec56,Gen 5:9
,Chuza,ec57,Luke 8:3
,Cleopas,ec58,Luke 24:18
,Cosam,ec59,Luke 3:28
,Eber_man,ec5a,Gen 10:21
,Eliezer,ec5b,Gen 15:2
,Elisha,ec5c,1 Kgs 19:16
,Elishah,ec5c,Gen 10:4
,Elmadam,ec5d,Luke 3:28
,Emmaus,ec5e,Luke 24:13
,Enoch,ec5f,Gen 4:17
,Hanok,ec5f,Gen 25:4
,Enos,ec60,Luke 3:38
,Enosh,ec60,Gen 4:26
,Er,ec61,Gen 38:3
,Jared,ec62,Gen 5:15
,Joanna,ec63,Luke 8:3
,Jorim,ec64,Luke 3:29
,lake,ec65,
,Lamech,ec66,Gen 5:25
,Lazarus,ec67,John 11:14
,Mahalalel,ec68,
,Martha,ec69,John 11:5
,Melea,ec6a,Luke 3:31
,Menna,ec6b,Luke 3:31
,Methuselah,ec6c,Gen 5:21
,Naaman,ec6d,Gen 46:21
,Nahor,ec6e,Gen 11:22
,Nathan,ec6f,2 Sam 5:14
,Nathaniel,ec6f,Num 7:23
,Neri,ec70,Luke 3:27
,Peleg,ec71,Gen 10:25
,plow,ec72,Deut  22:10
,proverb,ec73,
,Reu,ec74,Gen 11:18
,Rhesa,ec75,Luke 3:27
,Salathiel,ec76,1 Chr 3:17
,scorpion,ec77,
,Serug,ec78,Gen 11:20
,Seth,ec79,Gen 4:25
,Shelah,ec7a,Gen 38:5
,Shem,ec7b,Gen 5:32
,Susanna,ec7c,Luke 8:3
,Terah_man,ec7d,Gen 11:24
,Zacchaeus,ec7e,Luke 19:2
,Zarephath,ec7f,1 Kgs 17:9
,ancestor,ec80,
,pentecost,ec81,Acts 2:1
,Pentecost,ec81,Acts 2:1
,chariot,ec82,
,farewell,ec83,
,throne,ec84,
,savior,ec85,
,burden,ec86,
,case,ec87,Exod 18:22
,trial,ec87,
,ceremony,ec88,
,magician,ec8a,
,sky,ec8b,
,sorcery,ec8c,
,Crete,ec8d,Acts 27:7
,Freedmen,ec8e,Acts 6:9
,Hebrew,ec8f,Gen 14:13
,Italy,ec90,Acts 18:2
,vine,ec91,
,Joel,ec92,Joel 1:1
,Lucius,ec93,Acts 13:1
,Pharaoh,ec94,Genesis 12:15
,Shechem_city,ec95,Josh 21:21
,Timon,ec96,Acts 6:5
,Shechem_man,ec97,Gen 34:20
,incense,ec98,
,rough,ec99,Luke 3:5
,smooth,ec9a,
,Jonam,ec9b,Luke 3:30
,Mattatha,ec9c,Luke 3:31
,Mattathias,ec9d,Luke 3:26
,Semein,ec9e,
,elect,ec9f,
,Balaam,eca1,2 Pet 2:15
,Jezebel,eca2,1 Kgs 16:31
,milk,eca3,
,Fortunatus,eca4,1 Cor 16:17
,Achaicus,eca5,1 Cor 16:17
,Aretas,eca6,2 Cor 11:32
,harsh,eca7,
,stern_words,eca7,
,pillar,eca8,
,Silvanus,eca9,2 Cor 1:19
,Hymenaeus,ecaa,1Tim 1:20
,Hagar,ecab,Gen 16:1
,Philetus,ecac,2 Tim 2:17
,Carpus,ecad,2 Tim 4:13
,Claudia,ecae,2 Tim 4:21
,Crescan,ecaf,2 Tim 4:10
,Linus,ecb0,2 Tim 4:21
,Dalmatia,ecb1,2 Tim 4:10
,Demes,ecb2,2 Tim 4:10
,Eubulus,ecb3,2 Tim 4:21
,Eunice,ecb4,2 Tim 1:5
,Hermogenes,ecb5,2 Tim 1:15
,lion,ecb6,
,Lois,ecb7,2 Tim 1:5
,Onesimus,ecb8,Phlm 1:10
,Onesiphorus,ecb8,2 Tim I:16
,Phygelus,ecb9,2 Tim 1:15
,Pudens,ecba,2 Tim 4:21
,Tychicus,ecbb,Acts 20:4
,Jambres,ecbc,2 Tim 3:8
,Gad,ecbd,Gen 46:16
,Jannes,ecbe,2 Tim 3:8
,arrow,ecbf,
,Reuben,ecc0,Gen 29:32
,height,ecc1,
,length,ecc2,
,pastor,ecc3,
,wide,ecc4,
,horn,ecc5,
,harp,ecc6,
,string,ecc7,
,bow_arrow,ecc8,
,eagle,ecc9,
,Issachar,ecce,Gen 30:18
,thirst,eccf,
,thirsty,eccf,
,burn,ecd0,
,burnt,ecd0,
,green,ecd1,
,bitter,ecd2,
,Wormwood,ecd3,Rev 8:11
,locust,ecd4,
,breastplate,ecd5,
,tail,ecd6,
,Abaddon,ecd7,Rev 9:11
,Appolyon,ecd7,
,Euphrates_River,ecd8,Rev. 9:14
,million,ecd9,
,blue,ecda,
,yellow,ecdb,
,rainbow,ecdc,
,hail_storm,ecdd,
,glass,ecde,
,dragon,ecdf,
,flood,ece0,
,Michael_angel,ece1,Jude 9
,Diotrephes,ece2,3 John 1:9
,Clement,ece3,Phil 4:3
,Epaphras,ece4,Col 1:7
,Epaphroditus,ece4,Phil 2:25
,Euodia,ece5,Phil 4:2
,Syntyche,ece6,Phil 4:2
,Archippus,ece7,Col 4:17
,Colossae,ece8,Col 1:2
,Hierapolis,ece9,Col 4:13
,Nympha,ecea,Col 4:15
,Scythia,eceb,Col 3:11
,complete,ecec,
,perfect,ecec,
,own,eced,
,breath,ecee,
,breathe,ecee,
,bear,ecef,
,example,ecf0,
,pattern,ecf0,
,Apphia,ecf1,Phil 1:2
,Philemon,ecf2,Phlm 1:1
,Korah,ecf3,Gen 36:14
,grape,ecf4,
,Mount_Zion,ecf5,2 Kgs 19:31
,frog,ecf6,
,Gog_land,ecf7,Ezek 38:2
,leopard,ecf8,
,Magog_land,ecf9,Ezek 38:2
,meaning,ecfa,
,Megiddo,ecfb,Josh 12:21
,harlot,ecfc,
,prostitute_woman,ecfc,
,sand,ecfd,
,spice,ecfe,
,different,ecff,
,kind_same,ed00,
,type,ed00,
,blemish,ed01,
,spot,ed01,
,Barak,ed02,Heb 11:32
,Gideon,ed03,Judg 6:11
,Jephthah,ed04,Judg 11:1
,Melchizedek,ed05,Gen 14:18
,Samson,ed06,Judg 13:24
,spy,ed07,
,Nicopolis,ed08,Titus 3:12
,Zenas,ed09,Titus 3:13
,jump,ed0a,
,leap,ed0a,
,Job,ed0b,Job 1:1
,avenge,ed0c,
,revenge,ed0c,Rom 12:19
,vengeance,ed0c,
,thigh,ed0d,
,Antichrist,ed0e,1 John 4:3
,tithe,ed0f,
,right_time,ed10,
,pn,ed11,
,Matthat,ed12,Luke 3:24
,olive,eda1,
,fig,eda2,
,Beor,eda3,Gen 36:32
,crown,eda4,
,discipline,eda5,
,cave,eda6,
,Adah,eda7,Gen 4:19
,Admah,eda8,Gen 10:19
,Ahuzzath,eda9,Gen 26:26
,Ai,edaa,Gen 13:3
,Akkad,edab,Gen 10:10
,Almodad,edac,Gen 10:26
,Ammon,edae,Gen 19:38
,Amorites,edaf,Gen 10:16
,Amraphel,edb1,Gen  14:1
,Anam,edb2,Gen 10:13
,Aner,edb3,Gen  14:13
,Aram_man,edb4,Gen 10:22
,Ararat,edb5,Gen 8:4
,Arioch,edb6,Gen  14:1
,Arkites,edb7,Gen 10:17
,Arvad,edb8,Gen 10:18
,Ashkenaz,edb9,Gen 10:3
,Ashtaroth,edba,Josh 9:10
,Ashtiroth_Karnaim,edba,Gen 14:5
,Ashur_man,edbb,Gen 10:22
,Assyria,edbc,Gen 10:11
,Basemath,edbd,Gen 26:34
,Beeri,edbe,Gen 26:34
,Beersheba,edbf,Gen 26:33
,Bela_village,edc1,Gen 14:8
,Ben_Ammi,edc2,Gen 19:38
,Bera,edc3,Gen 14:2
,Bethel,edc4,Gen 12:8
,Birsha,edc5,Gen 14:2
,Calah,edc6,Gen 10:12
,Canaan_man,edc7,Gen 9:18
,Caphtorites,edc8,Gen  10:14
,Kasluhites,edc9,Gen 10:14
,Cush,edca,Gen 2:13
,Cush_man,edca,Gen 10:6
,Cypress,edcb,Gen 6:14
,Dan_land,edcc,Gen 14:14
,Dan_man,edcd,Gen 30:6
,Dedan,edce,Gen 10:7
,Dodanim,edcf,Gen  10:4
,Sered,edd1,Gen 46:14
,Eden_garden,edd2,Gen  2:8
,El,edd3,Gen 35:17
,Elam_man,edd4,Gen 10:22
,Shillem,edd5,Gen46:24
,Ellasar,edd6,Gen 14:1
,Elon,edd7,Gen 26:34
,Erech,edd9,Gen 10:10
,Esek,edda,Gen 26:20
,Eshkol_man,eddb,Gen 14:13
,garden,eddc,
,Gerar,eddd,Gen 10:19
,Gether,edde,Gen 10:23
,Gihon,eddf,Gen 2:13
,Girgashites,ede1,Gen 10:16
,Goiim,ede2,Gen 14:1
,Gomer,ede3,Gen 10:2
,Hadoram,ede4,Gen 10:27
,Ham_man,ede5,Gen 6:10
,Ham_village,ede6,Gen 14:5
,Hamathites,ede7,Gen 10:18
,Havilah_land,ede8,Gen 2:11
,Hazarmaveth,ede9,Gen 10:26
,Hazezon_Tamar,edea,Gen 14:7
,Hebron_village,edeb,Gen 13:18
,Kiriath_Arba,edeb,Gen 23:2
,Heth,edec,Gen 10:15
,Hittites,eded,Gen 15:20
,Hivites,edee,Exod 3:8
,Hobah,edef,Gen 14:15
,Horites,edf1,Gen 14:6
,Hul,edf2,Gen 10:23
,Irad,edf3,Gen 4:18
,Japheth,edf4,Gen 6:10
,Jerah,edf5,Gen 10:26
,Jobab,edf6,Gen 10:29
,Jubal,edf7,Gen 4:21
,Judith,edf8,Gen 26:34
,Kadesh,edf9,Gen 14:7
,Kadesh_Barnea,edf9,Num 34:4
,Kalneh,edfa,Gen 10:10
,Kedorlaomer,edfb,Gen 14:1
,Kittim_man,edfc,Gen 10:4
,Laban,edfd,Gen 24:29
,Luz,edfe,Gen 28:19
,Madai,edff,Gen 10:2
,Magog_man,eea1,Rev 20:8
,Mahalath,eea2,Gen 28:9
,Mamre,eea3,Gen 18:1
,Mehujael,eea4,Gen 4:18
,Mesha_land,eea5,Gen 10:30
,Meshech,eea6,Gen 10:2
,Methushael,eea7,Gen 4:18
,Mizraim,eea8,1 Chr 1:8
,Moab_man,eea9,Gen 19:37
,Moreh,eeaa,Gen 12:6
,Naamah_woman,eeab,Gen 4:22
,Naphtuh,eeac,Gen 10:13
,Nebaioth,eead,Gen 28:9
,Negev,eeae,Gen 12:9
,Nimrod,eeaf,Gen 10:8
,Nod,eeb1,Gen 4:16
,Obal,eeb2,Gen 10:28
,Ophir,eeb3,Gen 10:29
,Pathrusites,eeb4,1 Chr 1:12
,Perizzites,eeb5,Gen 15:20
,Phicol,eeb6,Gen 21:22
,Philistia,eeb7,Ps 60:8
,Pishon,eeb8,Gen 2:11
,pitch,eeb9,Gen 6:14
,tar,eeb9,
,Put_man,eeba,1 Chr 1:8
,Raamah,eebb,Gen 10:7
,Rehoboth,eebc,Gen 26:22
,Rephaim,eebd,Josh 15:8
,Resen,eebe,Gen 10:12
,rib,eebf,Gen 2:21
,Riphath,eec1,Gen 10:3
,Sabtah,eec2,Gen 10:7
,Sabteka,eec3,Gen 10:7
,Sarai,eec4,Gen 11:29
,Seba_man,eec5,Gen10:7 (man)
,Seir,eec6,Gen 14:6
,Sephar,eec7,Gen 10:30
,Shaveh_Kiriathaim,eec8,Gen 14:5
,Sheba_man,eec9,2 Sam 20:1
,Sheleph,eeca,Gen 10:26
,Shemeber,eecb,Gen 14:2
,Shinab,eecc,Gen 14:2
,Shinar,eecd,Gen10:10
,Siddim,eece,Gen 14:3
,Sidon_man,eecf,Gen 10:15
,Sinites,eed1,Gen 10:17
,Sitnah,eed2,
,Tarshish_man,eed3,Gen 10:4
,Tarshish_village,eed4,Ps 48:7
,Tidal,eed5,Gen 14:1
,Tigris,eed6,Dan 10:4
,Tiras,eed7,Gen 10:2
,Togarmah,eed8,Gen 10:3
,Tubal,eed9,Gen 10:2
,Ishbak,eeda,Gen 25:2
,Iskah,eedb,Gen 11:29
,Jetur,eedc,Gen 25:15
,Jokshan,eedd,Gen 25:2
,Kedar,eede,Gen 25:13
,Kedemah,eedf,Gen 25:15
,Keturah,eee1,Gen 25:1
,Letush,eee2,Gen 25:3
,Letush,eee2,Gen 25:3
,Leum,eee3,Gen 25:3
,Leummim,eee3,Gen 25:3
,Machpelah,eee4,Gen 23:19
,Massa,eee5,Gen 25:14
,Mibsam,eee6,Gen 25:13
,Medan,eee7,Gen 25:2
,Milkah,eee8,Gen 11:29
,Naphish,eee9,Gen 25:15
,Paddan_Aram,eeea,Gen  25:20
,Paran,eeeb,Gen 21:21
,Potiphar,eeec,Gen 37:36
,Tema_man,eeed,Gen 25:15
,Shuah,eeee,Gen 25:2
,Tubal_Cain,eeef,Gen 4:22
,Uz_man,eef1,Gen 10:23
,Uzal,eef2,Gen 10:27
,Zeboyim,eef3,1 Sam 13:18
,Zemarites,eef4,Gen 10:18
,Zillah,eef5,Gen 4:19
,Zuzites,eef7,Gen 14:5
,Abida,eef8,Gen 25:4
,Beer_Lahai_Roi,eef9,Gen 16:14
,Bilhah,eefa,Gen 29:29
,brick,eefb,
,concubine,eefc,
,Dumah_man,eefd,Gen 25:64e
,Epher,eefe,Gen 25:4
,Ephron,eeff,Gen 23:8
,Zibeon,ef60,Gen 36:20
,Zaavan,ef70,Gen 36:27
,Timna_woman,ef80,Gen 36:12
,Teman_man,ef90,Gen 36:11
,Shammah,efa0,Gen 36:13
,Gilead_land,efa1,Gen 31:21
,Hadad,efa2,Gen 25:15
,Dothan,efa3,Gen 37:17
,Haran_man,efa4,Gen 11:27
,Ur,efa5,Gen 11:28
,Zilpah,efa6,Gen 29:24
,Zohar,efa7,Gen 23:8
,Emites,efa8,Gen 14:5
,Abel_Mizraim,efa9,Gen 50:11
,Adullam,efaa,Gen 38:1
,Allon_Bakuth,efab,Gen 35:8
,Areli,efac,Gen 46:16
,Asenath,efad,Gen 41:45
,Ashbel,efae,Gen 46:21
,Atad,efaf,Gen 50:10
,Samlah,efb0,Gen36:36
,Beker,efb1,Gen 46:21
,Bered_man,efb2,I Chr 7:20
,Beriah,efb3,Gen 46:17
,Rameses,efb4,Gen 47:11
,Deborah,efb5,Gen 35:8
,deer,efb6,
,Dinah,efb7,Gen 30:21
,Ehi,efb8,Gen 46:21
,Enaim,efb9,Gen 38:14
,Ephrath,efba,Gen 35:16
,Gaham,efbb,Gen 22:24
,Galeed,efbc,Gen 31:47
,Gera,efbd,Gen 46:21
,Gershon,efbe,Gen 46:11
,Goshen,efbf,Gen 47:1
,Pinon,efc0,Gen 36:41
,Guni,efc1,Num 26:48
,Haggi,efc2,Gen 46:16
,Hamul,efc3,Gen 46:12
,Reumah,efc4,Gen 22:24
,Huppim,efc5,Gen 46:21
,Hushim,efc6,Gen 46:23
,Imnah,efc7,1 Chr 7:30
,Ishvah,efc8,Gen 46:17
,Ishvi,efc9,Gen 46:17
,Jabbok,efca,Gen 32:22
,Jahleel,efcb,Gen 46:14
,Jamin,efcc,Gen 46:10
,Jemuel,efcd,Exod 6:15
,Jidlaph,efce,Gen 22:22
,Malkiel,efcf,Gen 46:17
,Pau,efd0,Gen 36:39
,Kadmonites,efd1,Gen 15:19
,Karmi,efd2,Gen 46:9
,Kemuel,efd3,Gen 22:21
,Kenaz,efd4,Gen 36:11
,Kenites,efd5,Gen 15:19
,Kesed,efd6,Gen 22:22
,Kohath,efd8,Gen 46:11
,Leah,efd9,Gen 30:12
,Maakah_man,efda,1 Chr 11:43
,Mahanaim,efdb,Gen 32:2
,Merari,efdc,Gen 46:11
,Moriah,efdd,Gen 22:2
,Muppim,efde,Gen 46:21
,Nile,efdf,Exod 7:18
,Oholibamah_woman,efe0,Gen 36:18
,Ohad,efe1,Gen 46:10
,On_city,efe2,Gen 41:45
,Pildash,efe3,Gen 22:22
,Peniel,efe4,Gen 32:30
,Akan,efe5,Gen 36:27
,Alvah,efe6,Gen 36:40
,Shimron_man,efe7,Gen 46:13
,Alvan,efe8,Gen 36:23
,Amalek_man,efe9,Gen 36:12
,Avith,efea,Gen 36:35
,Bilhan,efeb,Gen 36:27
,Bozrah,efec,Gen 36:33
,Dinhabah_city,efed,Gen 36:32
,Dishon,efee,Gen 36:21
,Ebal,efef,Gen 36:23
,Mehetabel,eff0,Gen 36:39
,Eliphaz,eff1,Gen 36:4
,Eshban,eff2,Gen 36:26
,Gatam,eff3,Gen 36:11
,Hemdan,eff4,Gen 36:26
,Hori,eff5,Gen 36:22
,Iram,eff6,Gen 36:43
,Jalam,eff7,Gen 36:5
,Jetheth,eff8,Gen 36:40
,Keran,eff9,Gen 36:26
,Havilah_man,effa,Gen 10:7
,Lotan,effb,Gen 36:20
,Magdiel,effc,Gen 36:43
,Masrekah_city,effd,Gen 36:36
,Matred,effe,Gen 36:39
,Me_Zahab,efff,Gen 36:39
